siren,denominationUniteLegale,activitePrincipaleUniteLegale,categorieEntreprise
305207169,ORANO DEMANTELEMENT,38.22Z,GE
305493173,FCA FRANCE,45.11Z,GE
305589152,CONTOUR,79.12Z,
305635583,SOCIETE COOPERATIVE D'APPROVISIONNEMENT RHONE ALPES,46.17A,ETI
305800997,DYNEFF S.A.S.,46.71Z,ETI
306015306,SOCAMAINE,46.17A,ETI
306020140,SYSTEME U SUD,82.99Z,PME
306094194,CARFUEL,46.12A,GE
306138900,DECATHLON,68.20B,GE
306523358,RCI BANQUE,64.19Z,GE
306917535,SECHE ENVIRONNEMENT,70.10Z,ETI
315999201,LES GRANDS CHAIS DE FRANCE,11.02B,ETI
316580869,PIERRE ET VACANCES,70.10Z,ETI
316807015,SYSCO FRANCE SAS,46.39A,ETI
317007342,AUCHAN ENERGIES,46.12A,GE
330589755,CLARINS,82.99Z,ETI
330703844,CAPGEMINI,70.10Z,GE
330956871,ORANO,64.20Z,GE
331089474,TUI FRANCE,79.12Z,ETI
331142554,GROUPE LACTALIS,46.33Z,GE
331309120,ABEILLE ASSURANCES HOLDING,64.20Z,GE
340709534,IDEMIA FRANCE,26.12Z,GE
341192227,ITM ALIMENTAIRE INTERNATIONAL,46.17A,GE
341459386,STMICROELECTRONICS FRANCE,26.11Z,GE
382900942,CAISSE D'EPARGNE ET DE PREVOYANCE ILE-DE-FRANCE,64.19Z,GE
382983922,BNP PARIBAS CARDIF,64.30Z,GE
382984920,TOYOTA MOTOR EUROPE,70.21Z,GE
383196656,MAISONS DU MONDE FRANCE,47.59A,ETI
383470937,THALES SIX GTS FRANCE SAS,26.30Z,GE
383474814,AIRBUS,30.30Z,GE
383475092,THALES DMS FRANCE SAS,26.51A,GE
383491446,SEQUANA,64.30Z,PME
383699048,RAMSAY GENERALE DE SANTE,64.30Z,GE
404907941,ORANGINA SCHWEPPES FRANCE,11.07B,ETI
405113598,BIOGARAN,46.46Z,GE
405395518,NIKE RETAIL BV,47.64Z,ETI
407518059,VSP HOLDING,64.30Z,
407948926,TEREOS,46.21Z,
407985308,BOUYGUES TRAVAUX PUBLICS,42.99Z,GE
408024719,ATOS FRANCE,62.02A,GE
408168003,ELIOR GROUP,64.30Z,GE
429955297,MANPOWER FRANCE,78.20Z,GE
430006643,S.N.F. SA,20.16Z,ETI
430330225,GCA INVESTISSEMENTS,64.20Z,ETI
430355495,KOESIO GROUPE,70.10Z,ETI
441545951,STATKRAFT MARKETS GMBH,35.14Z,PME
441639465,RENAULT,64.20Z,GE
442276473,CEREMIS,46.21Z,ETI
442395448,TOTALENERGIES ELECTRICITE ET GAZ FRANCE,35.14Z,GE
469500961,ARCELORMITTAL DISTRIBUTION SOLUTIONS FRANCE,46.72Z,GE
470501545,MOBIVIA,70.22Z,GE
476180625,ELO,70.10Z,GE
476980362,SOMFY SA,70.10Z,GE
477977755,GAS NATURAL EUROPE,35.23Z,PME
478417710,CHANEL PARFUMS BEAUTE,20.42Z,GE
490900396,LA FINANCIERE ATALIAN,64.20Z,GE
491112629,HOLDING FCP,70.10Z,ETI
491372702,SPBI,30.12Z,ETI
491608642,ODAS,46.69B,PME
503681801,SOCIETE COOPERATIVE AGRICOLE AXEREAL,46.21Z,GE
504124801,NGE,43.12B,GE
504340407,COMPAGNIE MERIEUX ALLIANCE,64.30Z,GE
519032247,ARIANEGROUP SAS,30.30Z,GE
519037584,SNCF VOYAGEURS,49.10Z,GE
530085802,FACEBOOK FRANCE,73.12Z,ETI
531073617,FINANCIERE JUMBO,64.20Z,PME
752529131,NOVAFIVES,66.12Z,ETI
752778159,ARDIAN HOLDING,70.10Z,ETI
794777383,MAKI,47.78C,PME
797080850,SOCIETE ANONYME DES EAUX MINERALES D EVIAN,11.07A,GE
818751653,FM HOLDING CORPORATE,64.20Z,ETI
839082450,EXCLUSIVE NETWORKS CORPORATE,64.20Z,ETI
848551065,LIGNA ENR,46.71Z,ETI
880242375,HIGHWAY,66.30Z,GE
880470646,FINANCIERE FERONIA I,66.30Z,PME
898534862,CHROME TOPCO,64.20Z,GE
311799456,SCHENKER FRANCE,49.41A,GE
312141336,SOCIETE MECANIQUE AUTOMOBILE DE L'EST,29.10Z,GE
312212301,RENAULT RETAIL GROUP,45.11Z,GE
312263742,LECLERC APPROVISIONNEMENT SUD,46.17A,ETI
312327737,SNF GROUP,70.10Z,ETI
312520471,FOURNIER GROUP,66.30Z,ETI
312668692,AUCHAN RETAIL AGRO,46.31Z,GE
312730674,EURO-INFORMATION EUROPEENNE DE TRAITEMENT DE L'INFORMATION,62.03Z,GE
313042251,SYSTEME U NORD-OUEST,46.17A,PME
313105769,CENTRE DEPARTEMENTAL DE L ELEVAGE OVIN,01.62Z,
313151292,SOC COOPERATIVE SOCAMIL,46.17A,ETI
313243800,NA,64.20Z,GE
323623603,ATOS SE,77.40Z,GE
324444991,SERVIER SAS,82.99Z,GE
331631408,VINCI CONSTRUCTION INTERNATIONAL NETWORK,41.20B,GE
331888990,SOCIETE DES MAGASINS LOUIS VUITTON - FRANCE,47.72B,GE
344444021,VIVESCIA INDUSTRIES,70.10Z,GE
344477468,ELIVIA,10.11Z,GE
344496252,AMADEUS,62.02A,ETI
344658117,INGRAM MICRO,46.51Z,ETI
344733803,RIVA ACIER,24.20Z,ETI
344844998,AKWEL SA,29.32Z,ETI
345039416,ORANGE BUSINESS SERVICES,62.02A,GE
345130488,CARREFOUR PROXIMITE FRANCE,77.40Z,GE
345287734,DUMONT INVESTISSEMENT,70.10Z,GE
345322846,SOUFFLET NEGOCE,46.21Z,GE
352730394,BOLLORE PARTICIPATIONS SE,70.10Z,GE
352745749,EIFFAGE GENIE CIVIL,42.99Z,GE
352821664,GBH,64.20Z,GE
352849327,TARKETT,70.10Z,ETI
352860639,T.D-DISTRIBUTION THEVENIN-DUCROT-DISTRIBUTION,46.71Z,ETI
352925390,TOSOH EUROPE,46.46Z,PME
352980601,DERICHEBOURG,38.32Z,GE
353261555,STEDIS,46.71Z,GE
353402779,SCA FRUITS LEGUMES FLEURS,46.17A,GE
353534506,AXA INVESTMENT MANAGERS PARIS,66.30Z,GE
353543358,EURIAL,10.51C,GE
353597677,SCA PETROLE ET DERIVES,46.71Z,GE
353635113,FINANCIERE MINH-CAM,64.30Z,GE
353665284,AGRIAL ENTREPRISE,70.22Z,GE
385365713,INETUM,62.02A,GE
387672421,ALLIANCE REGIONALE EST APPRO,46.75Z,ETI
387940778,TRANSITYRE FRANCE SA,45.31Z,GE
387949530,SYSTRA,71.12B,ETI
388021156,SAIPOL,10.41A,GE
388202533,CAISSE CENTRALE DE REASSURANCE,65.20Z,ETI
388255861,NHINDUSTRIES,46.14Z,GE
388380073,CITEO,82.99Z,ETI
398586909,TSF JAZZ,60.10Z,PME
398979310,H&M HENNES & MAURITZ,47.71Z,ETI
399036649,MANE INVESTISSEMENTS,70.10Z,ETI
399227990,ALDI,70.10Z,GE
399295385,VIATRIS SANTE,46.46Z,GE
399315613,METRO FRANCE,46.39B,GE
399361468,GAZELENERGIE GENERATION,35.14Z,GE
399395581,STMICROELECTRONICS (CROLLES 2) SAS,26.11Z,GE
399402965,OREFI ORIENTALE ET FINANCIERE,70.10Z,ETI
410001952,VINCI CONCESSIONS,70.10Z,GE
410034607,SUEZ EAU FRANCE,36.00Z,GE
410061014,SHV GAS SUPPLY & RISK MANAGEMENT,46.71Z,ETI
410206437,AMPERE ELECTRICITY,29.10Z,GE
410336069,ANTALIS,70.10Z,ETI
410349070,NOVARTIS PHARMA SAS,46.46Z,GE
410408959,AUCHAN RETAIL INTERNATIONAL,70.10Z,GE
410409015,AUCHAN SUPERMARCHE,47.11D,GE
410409460,AUCHAN HYPERMARCHE,47.11F,GE
424059822,CDISCOUNT,47.91A,GE
424623759,SIDEL BLOWING & SERVICES,28.96Z,GE
424982650,SCC FRANCE,46.51Z,ETI
425049756,GROUPE SPAG,41.10A,PME
433999356,RANDSTAD,78.20Z,GE
434209797,DELOITTE,69.20Z,GE
434211843,CONTANGO TRADING SA,64.30Z,GE
434212130,CARREFOUR IMPORT,46.41Z,GE
434317293,VENTE PRIVEE.COM,47.91A,ETI
434544045,KADRIS CONSULTANTS,70.22Z,ETI
434691192,MILLIPORE,28.29B,GE
449430537,EHDH,64.20Z,ETI
482930385,AXXES,52.21Z,ETI
483209383,APPLE RETAIL FRANCE EURL,47.41Z,ETI
483339156,ALTERNA ENERGIE,35.14Z,GE
483385142,GETLINK S.E.,70.10Z,ETI
483790069,BPIFRANCE,84.13Z,PME
483993226,SALESFORCE.COM FRANCE,63.11Z,ETI
499208932,ROTHSCHILD & CO CONCORDIA,64.20Z,ETI
499247138,FREE MOBILE,61.20Z,GE
512261306,BY MY CAR GROUP,64.20Z,GE
531680445,TOTALENERGIES MARKETING FRANCE,46.71Z,GE
532005352,DAMA,64.20Z,PME
532712825,SPIE SA,64.20Z,GE
662006170,PIERRE FABRE SA,70.10Z,GE
662025196,ELIOR RESTAURATION FRANCE,56.29B,GE
662042449,BNP PARIBAS,64.19Z,GE
665580072,BONDUELLE EUROPE LONG LIFE,10.39A,ETI
672039971,DANONE PRODUITS FRAIS FRANCE,10.51A,GE
673620399,BIOMERIEUX SA,20.59Z,GE
678200890,GROUPE DRODE ET COMPAGNIE,68.20B,PME
682024096,UNIBAIL-RODAMCO-WESTFIELD SE,41.10C,ETI
682031885,TOTAL E ET P INDONESIE,06.10Z,GE
692014962,SA DE LA RAFFINERIE DES ANTILLES,19.20Z,GE
692030992,EURAZEO,70.10Z,ETI
695480244,CNH INDUSTRIAL FRANCE,46.61Z,ETI
696520410,HERMES SELLIER,15.12Z,GE
698800935,ALSTOM CRESPIN SAS,30.20Z,GE
699809174,NISSAN WEST EUROPE,45.11Z,GE
700200983,ROYAL CANIN SAS,10.92Z,GE
702012956,ALTRAN TECHNOLOGIES,62.02A,GE
702022724,KAUFMAN & BROAD SA,64.20Z,GE
702023508,FONCIERE EURIS,64.20Z,GE
702027376,EGIS,70.10Z,GE
702042755,CGI FRANCE,62.02A,GE
702052333,AMPERE CLEON,29.10Z,GE
706580149,BAYER HEALTHCARE SAS,46.46Z,GE
706980182,SOUFFLET AGRICULTURE,46.21Z,GE
709802094,EIFFAGE,70.10Z,GE
712019538,SAFRAN LANDING SYSTEMS,30.30Z,GE
712034040,TOYOTA FRANCE,45.11Z,GE
712039163,FINATIS,64.30Z,GE
712042456,DASSAULT AVIATION,30.30Z,GE
712049618,ESSILORLUXOTTICA,32.50B,GE
713002269,SANOFI-AVENTIS RECHERCHE ET DEVELOPPEMENT,72.19Z,GE
798361200,SOCIETE CONGOLAISE DE TRANSPORTS MARITIMES - SOCOTRAM SA,70.10Z,PME
798620696,SELESFI SAS,70.10Z,ETI
810931766,EXCLUSIVE FRANCE HOLDING,64.20Z,ETI
820842623,IDEX GROUP,64.20Z,GE
820978559,SAGEMCOM BROADBAND SAS,26.30Z,GE
831178785,EXPLEO GROUP,64.20Z,GE
841619307,DAIMLER TRUCK FRANCE S.A.S.U.,45.19Z,ETI
841983828,UBER EATS FRANCE SAS,63.12Z,ETI
842442972,J.P. MORGAN SE,64.19Z,GE
852749324,LCC FRANCE,82.99Z,PME
852790229,GOLDMAN SACHS BANK EUROPE SE,66.19B,ETI
888238219,COLISEE CARE,64.20Z,GE
888238250,COLISEE GROUP,64.20Z,GE
892154758,MEDILAB,46.46Z,PME
892165994,GROUPE SNEF,43.21A,GE
892417783,ALTASTORY,64.20Z,ETI
892419250,GOLDSTORY,64.20Z,ETI
904723715,COSMOBILIS GROUP,70.10Z,GE
914694179,SEVEANE,86.23Z,PME
915180178,FEVORY HOLDING,64.20Z,PME
300349636,SEB SA,64.20Z,GE
300960622,SNETOR,46.69B,ETI
301075594,PARTICIPATION CINEMATOGRAPHIQUE CINE PAR,64.30Z,ETI
301292702,TELEPERFORMANCE SE,73.11Z,GE
301940219,SODEXO,56.29B,GE
301986154,SOCIETE COOPERATIVE D'APPROVISIONNEMENT PARIS-EST,46.17A,ETI
302079462,NESTLE PURINA PETCARE FRANCE,10.92Z,GE
302178892,REMY COINTREAU,82.99Z,GE
302181722,CAM NEGOCE,46.21Z,ETI
307166934,SCANIA FRANCE,45.19Z,GE
307570747,JCDECAUX SE,70.10Z,ETI
307582866,PATHE,70.10Z,ETI
308197185,IPSEN PHARMA,46.46Z,GE
308382035,ETAM DEVELOPPEMENT,64.20Z,ETI
309214641,SOCIETE COOPERATIVE D'APPROVISIONNEMENT DE L'ILE DE FRANCE,46.17A,ETI
309304616,REXEL FRANCE,46.69A,GE
322306440,DASSAULT SYSTEMES,58.29C,GE
322593203,UFP INTERNATIONAL,46.52Z,ETI
334367497,SAMSUNG ELECTRONICS FRANCE,46.52Z,ETI
334382298,SCAPALSACE,46.17A,ETI
334473352,RELAIS FNAC,47.41Z,GE
334851664,VINCI CONSTRUCTION,64.20Z,
335092318,ORACLE FRANCE,62.02A,ETI
335186094,UBISOFT ENTERTAINMENT,58.21Z,GE
335480265,HAVAS,77.40Z,GE
335480877,ALTAREA,68.20B,GE
348847062,EURIS,64.30Z,GE
348867755,GLOBAL BLUE FRANCE,82.99Z,GE
348940263,SOPRA-GMT,70.10Z,PME
348991555,ZARA FRANCE,47.71Z,GE
349032946,ROCHER PARTICIPATIONS,64.20Z,GE
349039958,BERNARD PARTICIPATIONS,70.10Z,ETI
349505370,SANOFI R&D VACCINS,21.20Z,GE
349577908,COMPAGNIE DES ALPES,70.10Z,GE
349942458,GE ENERGY PRODUCTS FRANCE SNC,28.11Z,GE
350012522,ARIANESPACE PARTICIPATION,64.20Z,GE
378901946,WORLDLINE,63.11Z,ETI
379041395,FRAMATOME,25.30Z,GE
379548001,AUCHAN CARBURANT,47.30Z,GE
379677636,EDF POWER SOLUTIONS,70.10Z,GE
379690167,WENDEL-PARTICIPATIONS SE,64.20Z,GE
379706344,KNDS FRANCE,30.40Z,ETI
379821994,SAP FRANCE,62.02B,ETI
391360971,GILEAD SCIENCES,46.46Z,ETI
391543576,PROCTER & GAMBLE FRANCE,46.18Z,GE
391637865,TECHNIP ENERGIES FRANCE,71.12B,GE
391804945,GROUPE PHILIPPE GINESTET,70.10Z,GE
392077517,AERO NEGOCE INTERNATIONAL,46.69B,PME
401251566,EMEIS,87.10A,GE
401547138,SAFRANS,64.30Z,ETI
401913025,ST FINANCES,64.20Z,GE
402103907,QUADIENT S.A.,70.10Z,ETI
410925473,HOLDING AND FINANCIAL PARTICIPATION,66.30Z,ETI
410970503,SCAMARK,10.89Z,GE
411096290,SNETOR OVERSEAS,46.76Z,ETI
411328644,VHF,64.20Z,PME
411394893,HYUNDAI MOTOR FRANCE,45.11Z,ETI
411890882,VALAMKA (GROUPE),70.22Z,PME
412076937,ASSYSTEM,70.10Z,ETI
422551176,EUTELSAT S.A.,61.30Z,ETI
422882894,FLANDRES LAITIERS MOULUS,08.12Z,GE
422950865,AKKA TECHNOLOGIES,66.30Z,GE
435391354,BUNGE FRANCE,46.21Z,ETI
437574452,AMUNDI ASSET MANAGEMENT,66.30Z,GE
437576531,PEUGEOT CITROEN PIECES DE RECHANGE,45.31Z,GE
437580160,CACEIS,64.30Z,GE
450776968,LOXAM,77.32Z,ETI
450889225,SOREGIES,35.14Z,GE
451063739,HUAWEI TECHNOLOGIES FRANCE,46.52Z,ETI
451225692,ENI PLENITUDE FRANCE,35.14Z,GE
451321335,CARREFOUR HYPERMARCHES,47.11F,GE
451321376,CARREFOUR STATIONS SERVICE,47.30Z,GE
451329908,CRIT,78.20Z,GE
484189352,HOLDING EONNET,64.20Z,ETI
484290820,M-ENERGY,70.10Z,ETI
484786249,CRITEO,62.02A,ETI
484834981,OMS SYNERGIE GROUP,70.22Z,ETI
484838800,GEDIA,35.22Z,ETI
484918123,ABERTIS FRANCE,64.20Z,GE
484964036,ARAMIS GROUP,70.22Z,GE
499668440,ELIS,64.20Z,GE
499936391,CAR-GARANTIE GMBH,45.11Z,PME
500569405,DECATHLON FRANCE,47.64Z,GE
500689344,ALLAERT,43.32B,PME
513907261,BUNSHA INTERNATIONAL,66.30Z,GE
525580130,COOP ATLANTIQUE,47.11D,ETI
527573141,APAVE,71.20B,GE
528593866,PROSOL,46.31Z,GE
528648892,CHAUSSON MATERIAUX,46.73A,ETI
546950379,CHARAL,10.13A,GE
548500669,FINANCIERE ALSACIENNE DE TRANSPORT,70.10Z,ETI
552002313,BANQUE POPULAIRE RIVES DE PARIS,64.19Z,GE
552002578,UNIBEL,64.20Z,GE
552006454,TOTALENERGIES LUBRIFIANTS,19.20Z,GE
552008443,SOCIETE BIC,46.49Z,ETI
552012031,ROCHE,46.46Z,ETI
552016628,AEROPORTS DE PARIS,52.23Z,GE
552025314,COLAS SA,42.11Z,GE
552027211,TRANSPORTES AEREOS PORTUGUESES,51.10Z,PME
552030967,VALEO,64.20Z,GE
552032534,DANONE,70.10Z,GE
552037806,VINCI,70.10Z,GE
552040594,EULER HERMES GROUP,66.30Z,GE
552043002,AIR FRANCE - KLM,70.10Z,GE
552044992,POMONA,46.39B,GE
552045999,BOUYGUES CONSTRUCTION,42.13A,GE
552046484,CDC HABITAT SOCIAL SOCIETE ANONYME D'HABITATIONS A LOYER MODERE,68.20A,GE
552046955,ENGIE ENERGIE SERVICES,35.30Z,GE
552049447,SOCIETE NATIONALE SNCF,49.10Z,GE
552059024,THALES,70.10Z,GE
552065187,PARFUMS CHRISTIAN DIOR,20.42Z,GE
552073785,COMPAGNIE DU CAMBODGE,64.20Z,GE
552075020,KERING,70.10Z,GE
552081317,ELECTRICITE DE FRANCE,35.11Z,GE
552087835,BODEMER,64.20Z,ETI
552088536,CEVA AIR & OCEAN INTERNATIONAL,52.29B,GE
552091050,ALTAREIT,41.10A,GE
552091795,BRED BANQUE POPULAIRE,64.19Z,GE
552096281,L'AIR LIQUIDE SOCIETE ANONYME POUR L'ETUDE ET L'EXPLOITATION DES PROCEDES GEORGES CLAUDE,78.30Z,GE
552100554,PEUGEOT SA,70.10Z,
552111809,KEOLIS SA,70.10Z,GE
552115891,COFIROUTE,52.21Z,GE
552118465,COMPAGNIE IBM FRANCE,58.29C,GE
552119216,UNILEVER FRANCE,46.90Z,GE
552120222,SOCIETE GENERALE,64.19Z,GE
552141533,IMMOBILIERE 3F,68.20A,GE
552142200,VALLOUREC,70.10Z,ETI
552144503,AUTOMOBILES PEUGEOT,45.11Z,GE
552146854,VERSALIS FRANCE S.A.S.,20.14Z,GE
554500199,TOTALENERGIES PROXI SUD EST,46.71Z,GE
554501171,"CASINO, GUICHARD-PERRACHON",64.20Z,GE
557350253,B.S.A,70.10Z,GE
558500187,HOLDING SOPREMA,70.10Z,GE
558501912,ELECTRICITE DE STRASBOURG,70.10Z,GE
562008151,IMERYS,09.90Z,ETI
562011742,BRISTOL MYERS SQUIBB,46.46Z,ETI
562016774,SIEMENS S.A.S,26.30Z,GE
562024422,CMA CGM,50.20Z,GE
562033068,JANSSEN CILAG,46.46Z,GE
562033175,ATELIERS VCA,32.12Z,GE
562033357,SCOR SE,65.20Z,GE
562038745,MONNOYEUR,70.10Z,GE
562038893,BAYER SAS,20.20Z,GE
562046151,SOVEN,46.71Z,GE
562050401,URBAINE DES PETROLES,46.71Z,GE
562053173,ATLANTIC SOC FRANCAISE DEVELOP THERMIQUE,46.43Z,GE
562082909,SAFRAN,70.10Z,GE
562091546,BOUYGUES IMMOBILIER,41.10A,GE
562094425,ARCELORMITTAL FRANCE,24.10Z,GE
562134544,SOLETANCHE FREYSSINET,70.10Z,GE
562136036,RAZEL-BEC,42.99Z,GE
568504161,SCHAEFFLER FRANCE,29.32Z,ETI
570501551,ASTERA,64.20Z,GE
572015246,BOUYGUES,70.10Z,GE
572025526,VEOLIA EAU - COMPAGNIE GENERALE DES EAUX,36.00Z,GE
572034361,CELINE,46.49Z,GE
572060333,MERSEN,70.10Z,ETI
572062594,GALERIES LAFAYETTE HAUSSMANN - GL HAUSSMANN,47.71Z,GE
572067684,ROBERT BOSCH FRANCE,29.32Z,GE
572076396,HERMES INTERNATIONAL,70.10Z,GE
572093920,AXA,64.30Z,GE
572099695,CARGILL FRANCE,10.41A,GE
572119550,SUCRES ET DENREES,46.36Z,GE
572126043,ANTARGAZ,46.71Z,GE
572139996,AUTOROUTES DU SUD DE LA FRANCE,52.21Z,GE
572141885,DISTRIBUTION SANITAIRE CHAUFFAGE,46.74B,GE
572174035,WENDEL,70.22Z,GE
572185684,CLUB MED,55.20Z,GE
576850697,SOCIETE L.D.C.,70.10Z,GE
582041943,PERNOD RICARD,70.10Z,GE
582074944,ICADE,68.20B,GE
582110987,CHRISTIAN DIOR,64.20Z,GE
582137436,PHOENIX OCP,46.46Z,GE
588505354,CAISSE FEDERALE DE CREDIT MUTUEL SOCIETE A MISSION (APPLICATION LOI PACTE),64.19Z,GE
592045777,MOTIER,70.10Z,GE
596720201,PISSIER,46.21Z,PME
596950139,SOC CENTRALE APPROVISION SUD OUEST,46.17A,ETI
599815073,AXENS,20.59Z,ETI
775577018,CREDIT MUTUEL ARKEA,64.19Z,GE
775583248,MAISON JOHANES BOUBEE,46.34Z,GE
775614308,KRONENBOURG,46.34Z,ETI
775625767,FINANCIERE AGACHE,64.20Z,GE
775633357,LIMAGRAIN,01.11Z,
775656143,LECUREUR,46.21Z,ETI
775661390,FNAC DARTY PARTICIPATIONS ET SERVICES,46.19A,GE
775662257,SANOFI WINTHROP INDUSTRIE,21.20Z,GE
775664873,BOUYGUES ENERGIES & SERVICES,43.21B,GE
775668122,BALENCIAGA,46.42Z,GE
775670284,HSBC CONTINENTAL EUROPE,64.19Z,GE
775670417,LVMH MOET HENNESSY LOUIS VUITTON,70.10Z,GE
775675291,GROUPE SERVICES FRANCE,82.99Z,GE
775690191,UNION INVIVO,46.75Z,GE
775690621,BUREAU VERITAS,71.20B,GE
775701097,SOCIETE COOPERATIVE AGRICOLE NATUP,46.21Z,ETI
775714991,CAVAC,46.21Z,ETI
775715592,OCEALIA,46.21Z,ETI
775726417,KPMG,69.20Z,GE
775729155,IFP ENERGIES NOUVELLES,72.19Z,ETI
775784689,SOCIETE COOPERATIVE AGRICOLE ARTERRIS,46.21Z,ETI
776221467,GROUPE BIGARD,10.11Z,GE
777347386,PICOTY,46.71Z,ETI
789169323,LES MOUSQUETAIRES,64.20Z,GE
789791464,CEVA LOGISTICS GROUND & RAIL FRANCE,52.29B,GE
789991221,SOCO 1,70.22Z,GE
801795618,FINANCIERE MENDEL,64.20Z,ETI
802525048,CASAVITA,70.10Z,
813979523,VIVALTO SANTE INVESTISSEMENT,64.20Z,GE
835150434,CANAL+,59.11A,GE
850176967,ARTELIA GLOBAL,64.20Z,ETI
850479718,ABN AMRO BANK NV,64.19Z,ETI
884245408,MOBILUX CONFO,64.20Z,GE
954503439,SCHNEIDER ELECTRIC INDUSTRIES SAS,46.69A,GE
954506077,RENAULT TRUCKS,29.10Z,GE
954509741,CREDIT LYONNAIS,64.19Z,GE
955200928,ALTAIR,70.10Z,ETI
955500293,VALEO EQUIPEMENTS ELECTRIQUES MOTEUR,29.31Z,GE
955501036,DESCOURS ET CABAUD SA,77.40Z,GE
955512611,OPMOBILITY SE,70.10Z,ETI
957503931,MAGASINS GALERIES LAFAYETTE,47.71Z,GE
957520901,COMPAGNIE NATIONALE DU RHONE,35.11Z,GE
962227351,AUTODISTRIBUTION,45.31Z,GE
964201123,INTERSPORT FRANCE,46.19A,ETI
964201149,GROUPE INTERSPORT,46.19A,
967505967,JTEKT EUROPE,29.32Z,ETI
969202241,VIRIDIEN,70.10Z,ETI
969510940,ALUMINIUM PECHINEY,71.12B,
63802938,PANDROL RAILWELD,42.12Z,ETI
85480796,LES LABORATOIRES SERVIER,21.20Z,GE
86120045,SOCIETE PRODUITS PETROLIERS STELA,46.71Z,
86280393,JOHN DEERE SAS,28.11Z,ETI
86380730,SOGECAP,65.11Z,GE
95550356,EXEL INDUSTRIES,70.10Z,ETI
95720314,HEXAOM,41.10A,ETI
309645539,GXO LOGISTICS EUROPE,70.10Z,GE
310173968,SOCIETE ANONYME COOPERATIVE GIPHAR,46.46Z,ETI
310879499,BOURBON CORPORATION,64.20Z,ETI
311361489,JACQUET METALS,70.10Z,ETI
311473383,TF1 PUBLICITE,73.12Z,GE
324958198,TOTALENERGIES PROXI SUD OUEST,46.71Z,GE
325307106,COFIDIS,64.92Z,GE
325366334,DISTRIDYN,46.12A,ETI
325520450,ENTREMONT ALLIANCE,10.51C,GE
325720720,STAUBLI FAVERGES,28.99B,ETI
325952182,SOCIETE D'INVESTISSEMENT TOURISTIQUE ET IMMOBILIER - S.I.T.I.,64.20Z,PME
326118502,PIERRE FABRE MEDICAMENT,46.46Z,GE
338228414,MOET HENNESSY,70.10Z,GE
338481955,SAFRAN HELICOPTER ENGINES,30.30Z,GE
351005582,SOCIETE EUROPEENNE DE VEHICULES LEGERS DU NORD - SEVEL NORD,29.10Z,GE
351216759,TECHWOOD,29.20Z,GE
379914237,NORTH ATLANTIC RAFFINAGE,19.20Z,GE
380110304,CONTINENTAL FRANCE,22.11Z,GE
380129866,ORANGE,61.10Z,GE
380404764,COOPERATIEVE RABOBANK U.A.,64.19Z,ETI
380475293,BYMYCAR AUTOMOTIVE,64.20Z,GE
380844175,UBIPHARM,64.20Z,ETI
390072551,CIRCET,61.10Z,ETI
390742765,SOCIETE FINANCIERE DU STEIR,66.30Z,GE
402423420,WMH PROJECT,73.11Z,ETI
402737936,LACTALIS INGREDIENTS,46.33Z,GE
402757751,LACTALIS FROMAGES,46.33Z,GE
403210032,VEOLIA ENVIRONNEMENT,82.99Z,GE
403335904,SANOFI-AVENTIS FRANCE,46.46Z,GE
403335938,SANOFI-AVENTIS GROUPE,70.10Z,GE
414969584,STMICROELECTRONICS ROUSSET SAS,26.11Z,GE
414986216,VEOLIA WATER TECH,64.20Z,GE
415550284,V. MANE FILS,20.53Z,ETI
417350311,VIRBAC,21.20Z,ETI
417689395,AYVENS,70.10Z,GE
417890589,MSD FRANCE,46.46Z,GE
428593230,NEXANS FRANCE,27.32Z,GE
428611719,SOCIETE COOPERATIVE AGRICOLE ET AGRO-ALIMENTAIRE AGRIAL,46.90Z,GE
428616734,GRENKE LOCATION,77.33Z,ETI
428706204,SANOFI CHIMIE,21.10Z,GE
428760847,UNICREDIT,64.19Z,PME
428764500,AREVA NP,70.10Z,
428766976,SOLVAY ENERGY SERVICES,35.23Z,ETI
428785042,AMAZON FRANCE LOGISTIQUE SAS,52.10B,GE
428891113,TOTALENERGIES PETROCHEMICALS FRANCE,20.14Z,GE
429660863,CAUFFRIDIS EXPANSION,64.20Z,PME
429707292,TERRENA,46.90Z,GE
442904629,BPM GROUP,70.10Z,ETI
442969705,AVANTIS ENGINEERING,71.12B,PME
443061841,GOOGLE FRANCE,62.02A,ETI
443089990,NISSAN AUTOMOTIVE EUROPE,45.11Z,GE
443716832,SYNGENTA FRANCE SA,72.11Z,ETI
452847130,BONNEUIL EXPANSION,64.20Z,ETI
453427940,LE GRAND REY,66.19A,ETI
453952681,NATIXIS INVESTMENT MANAGERS,70.10Z,GE
456500537,DALKIA,35.30Z,GE
456504851,CREDIT DU NORD,64.19Z,GE
457503837,TOTALENERGIES PROXI NORD EST,46.71Z,GE
487080194,BENETEAU,70.10Z,ETI
487760761,GHELLA S.P.A.,42.13A,PME
488077165,PARTS HOLDING EUROPE,64.30Z,GE
502941479,GAZ DE BORDEAUX,35.23Z,ETI
503126161,FIDEIP,70.22Z,
514080837,ITM LOGISTIQUE ALIMENTAIRE INTERNATIONAL,49.41B,GE
529220121,PROMOTHERMIS,64.20Z,ETI
529221749,TOTALENERGIES RAFFINAGE FRANCE,19.20Z,GE
529222879,ALTRAD INVESTMENT AUTHORITY,70.10Z,GE
529313652,COENTREPRISE DE TRANSPORT D'ELECTRICITE,64.20Z,GE
601251614,BOLLORE ENERGY,46.71Z,GE
602025538,VOLKSWAGEN GROUP AUTOMOTIVE RETAIL FRANCE,45.11Z,GE
602036444,ACCOR,70.10Z,GE
602060147,HACHETTE LIVRE,58.11Z,GE
609849153,LILLY FRANCE,21.20Z,ETI
612035832,CHRISTIAN DIOR COUTURE,46.42Z,GE
612039495,THALES AVS FRANCE SAS,26.51A,GE
622037083,RHODIA OPERATIONS,20.14Z,ETI
622042422,YARA FRANCE,20.15Z,ETI
622044287,MERCEDES-BENZ FRANCE,45.11Z,GE
622045383,GROUPE CRIT,64.30Z,GE
632012100,L'OREAL,77.40Z,GE
632041042,COMPASS GROUP FRANCE,56.29A,GE
632045381,ERAMET,46.72Z,GE
632050019,SANEF,52.21Z,GE
637020819,SOC CENTRALE APPROVISIONNEMENT ARMORIQUE,46.17A,ETI
642007991,SOC COOPER GROUPEM ACHAT CENTRE LECLERC,46.17A,GE
642050199,AUTOMOBILES CITROEN,45.11Z,GE
642880785,ETABLISSEMENTS J. SOUFFLET,70.10Z,GE
652014051,CARREFOUR,64.20Z,GE
652031857,HEWLETT-PACKARD FRANCE,46.51Z,ETI
780094983,WOREX,46.71Z,GE
780129987,RENAULT SAS,29.10Z,GE
780130175,SHELL FRANCE,46.71Z,GE
780152914,KLEPIERRE,68.20B,ETI
780660437,COBEVIAL,46.23Z,ETI
791978133,DOMINGOS DA SILVA TEIXEIRA SA,41.20B,PME
792870743,TEREOS COMMODITIES FRANCE,46.71Z,GE
803070333,HOMEVI,70.10Z,GE
803769827,FERRERO FRANCE COMMERCIALE,46.36Z,ETI
817439557,ORANO CHIMIE-ENRICHISSEMENT,20.13A,GE
817439599,ORANO RECYCLAGE,20.13A,GE
830015749,FINANCIERE COLISEE,70.22Z,GE
830065363,INOVYN EUROPE LIMITED,20.59Z,ETI
840434740,CREDIT AGRICOLE-GROUP INFRASTRUCTURE PLATFORM,62.09Z,GE
840951230,YUNNAN PROVINCIAL ENERGY INVESTMENT GROUP,70.21Z,PME
854800745,AXIMA CONCEPT,43.22B,GE
855200507,MANUFACTURE FRANCAISE DES PNEUMATIQUES MICHELIN,70.10Z,GE
855200887,COMPAGNIE GENERALE DES ETABLISSEMENTS MICHELIN,77.40Z,GE
856802400,TOTALENERGIES PROXI NORD OUEST,46.71Z,GE
857802508,MANITOU BF,28.22Z,GE
864500418,ARMORINE,46.71Z,ETI
867800427,SYSTEME U OUEST,46.17A,PME
876580077,LABORATOIRES DE BIOLOGIE VEGETALE YVES ROCHER,47.75Z,GE
905620035,SOCIETE JAS HENNESSY & C°,11.01Z,GE
907050462,VITERRA FRANCE S.A.S.,46.21Z,ETI
907649842,MATERNE & ASSOCIES,69.10Z,PME
908223852,ROX INVEST SA,64.20Z,GE
917755605,SAGEMCOM TOPCO,64.20Z,GE
979666815,SEYDOUX FAMILY,64.20Z,ETI
302475041,STELLANTIS &YOU FRANCE SAS,45.11Z,GE
302519228,ROTHSCHILD & CO,70.10Z,ETI
302527700,CFM INTERNATIONAL,46.69B,ETI
302588462,SAIPEM SA,42.91Z,ETI
302715966,VIVESCIA,46.21Z,GE
303284269,APERAM STAINLESS EUROPE,46.12B,GE
303628499,TEREOS SCA,46.21Z,GE
303775027,TOTALENERGIES EP ANGOLA,64.20Z,GE
304187701,CREDIT AGRICOLE CORPORATE AND INVESTMENT BANK,64.19Z,GE
304515562,ARTS ET BOIS,29.20Z,GE
304555634,IPSOS,70.10Z,ETI
304602956,COOPERATIVE U,46.17A,GE
314093352,SARTORIUS STEDIM BIOTECH,68.32A,ETI
314119504,AIR LIQUIDE FRANCE INDUSTRIE,20.11Z,GE
314222902,AMUNDI,64.30Z,GE
314685454,AGACHE,69.20Z,GE
314722026,AUMOVIO FRANCE,72.19Z,GE
315013359,GE MEDICAL SYSTEMS,26.60Z,GE
315065292,LA FRANCAISE DES JEUX,92.00Z,GE
315107474,GROUPE CHANNEL POIDS LOURDS,45.11Z,ETI
315281113,SOC D'IMPORTATION LECLERC,46.71Z,GE
327733184,MICROSOFT FRANCE,62.02A,GE
328307335,PAROT AUTOMOTIVE SUD-OUEST,45.11Z,ETI
328760145,VIEL ET COMPAGNIE-FINANCE,64.20Z,ETI
343059564,SOCIETE FRANCAISE DU RADIOTELEPHONE - S.F.R,61.20Z,GE
343088134,VINCI CONSTRUCTION GRANDS PROJETS,42.99Z,GE
343134763,VIVENDI SE,70.10Z,GE
343688016,COCA-COLA EUROPACIFIC PARTNERS FRANCE,11.07B,GE
344097902,ALLERGAN INDUSTRIE,21.20Z,GE
344103270,KIABI EUROPE,47.71Z,GE
388698201,OCP REPARTITION,46.46Z,GE
388734568,COMPUTACENTER FRANCE,46.51Z,ETI
389023870,TOTALENERGIES EP KAZAKHSTAN,06.10Z,GE
389058447,ALSTOM,70.10Z,GE
389191800,GRID SOLUTIONS,27.12Z,GE
389191982,ALSTOM TRANSPORT SA,30.20Z,GE
389290586,LEGRAND SNC,46.69A,GE
389422320,TOUTON,46.37Z,ETI
389505975,UNICREDIT BANK GMBH,64.19Z,PME
389534256,ALCATEL SUBMARINE NETWORKS,42.22Z,GE
400461950,SFR FIBRE SAS,61.10Z,GE
400628079,GROUPE INDUSTRIEL MARCEL DASSAULT,70.10Z,GE
419683818,IVECO FRANCE,45.19Z,GE
419838529,IPSEN,70.10Z,GE
420410920,INFINEUM FRANCE,20.59Z,ETI
420495178,SOCIETE AIR FRANCE,51.10Z,GE
420559056,TOYOTA MOTOR MANUFACTURING FRANCE,29.10Z,GE
420624777,GROUPE CANAL+,61.30Z,GE
420705444,GLOBAL AUTOMOTIVE LOGISTICS,64.20Z,ETI
420916918,AIRBUS OPERATIONS,30.30Z,GE
431682764,SOFIRAM,64.20Z,ETI
431934603,NOVALI,70.10Z,ETI
432345783,PROMETHEE GROUP,64.20Z,PME
432413599,COFACE SA,64.20Z,ETI
447250044,BONDUELLE,64.20Z,ETI
447800475,CLARIANE,70.22Z,GE
448139634,ASTRAZENECA DUNKERQUE PRODUCTION,21.20Z,GE
448694133,HP FRANCE SAS,46.51Z,ETI
481529410,ASTR'IN FINANCES ET MANAGEMENT,70.22Z,PME
493254908,SMURFIT WESTROCK FRANCE,17.21A,GE
493265284,COMPAGNIE D'EXPLOITATION ET DE REPARTITION PHARMACEUTIQUE,46.46Z,GE
493322978,EDENRED,70.10Z,ETI
493378939,NOKIA NETWORKS FRANCE,46.52Z,GE
493455042,BPCE,64.19Z,GE
493467591,SOCIETE VALMY DEFENSE 17 - SVD 17,35.23Z,GE
493789135,RCM,82.11Z,ETI
494321276,GROUPE KEOLIS SAS,70.10Z,GE
508513785,SOCOPA VIANDES,10.11Z,GE
509016804,JAGUAR LAND ROVER FRANCE,45.11Z,ETI
509243564,HONDA MOTOR EUROPE LTD,45.40Z,ETI
509395109,ESSITY FRANCE,46.45Z,GE
509547675,J.P.J.S. SCA,64.20Z,GE
509553459,M H C S,11.02A,GE
522772029,CSKZ INVESTISSEMENTS,64.20Z,ETI
523990430,CEREALES ET INVESTISSEMENTS,64.30Z,ETI
539641795,MAGELLAN,64.20Z,PME
539673814,AIR EUROPA LINEAS AEREAS SA,51.10Z,PME
539797936,BRUNO ROUSSET,64.20Z,ETI
542005376,FORVIA,70.10Z,GE
542010053,NORTH ATLANTIC ENERGIES,19.20Z,GE
542014428,NESTLE FRANCE,10.83Z,GE
542016381,CREDIT INDUSTRIEL ET COMMERCIAL,64.19Z,GE
542023841,FIVES,70.10Z,ETI
542034327,BP FRANCE,46.71Z,ETI
542038716,TOTALENERGIES MARKETING AFRIQUE,46.71Z,GE
542039532,COMPAGNIE DE SAINT-GOBAIN,70.10Z,GE
542044524,NATIXIS,64.92Z,GE
542048574,SCHNEIDER ELECTRIC SE,64.20Z,GE
542050315,CEVA LOGISTICS EUROPE,52.29B,GE
542051180,TOTALENERGIES SE,70.10Z,GE
542052766,CHANEL,46.42Z,GE
542065479,STELLANTIS AUTO SAS,29.10Z,GE
542069158,BASF FRANCE SAS,46.75Z,GE
542070958,LUBRIZOL FRANCE,20.59Z,ETI
542080601,PUBLICIS GROUPE S.A.,70.10Z,GE
542080791,ACTIA GROUP,64.20Z,ETI
542086616,ETABLISSEMENTS DARTY ET FILS,46.19A,GE
542088067,BEL,10.51C,GE
542094065,SOCIETE ANONYME DES GALERIES LAFAYETTE,70.10Z,GE
542095336,LAGARDERE TRAVEL RETAIL FRANCE,47.62Z,GE
542097522,CA CONSUMER FINANCE,64.19Z,GE
542097902,BNP PARIBAS PERSONAL FINANCE,64.19Z,GE
542107651,ENGIE,35.23Z,GE
542107800,OTIS,43.29B,GE
778127613,AIRBUS ATLANTIC,30.30Z,GE
793906728,MAISONS DU MONDE,70.22Z,ETI
794383844,LUFTHANSA TECHNIK AKTIENGESELLSCHAFT,33.16Z,PME
809429053,ESTHER,64.20Z,ETI
809450935,GAMA,70.10Z,ETI
809867948,ADOVA HOLDING,66.30Z,ETI
810029413,JACOBS DOUWE EGBERTS FR SAS,10.83Z,GE
822451597,FINANCIERE DU RIED,66.30Z,PME
822650206,FINALAIN,70.10Z,ETI
823244371,AMAZON FRANCE TRANSPORT SAS,52.29B,GE
833285877,GLOBAL LNG,66.12Z,GE
833372774,KAPLA HOLDING,64.20Z,ETI
833977325,DEMATHIEU BARD HOLDING 4,64.20Z,ETI
834042814,CONGO MARITIME SERVICES COMPANY,50.20Z,PME
834149403,NOVA ORSAY,64.30Z,ETI
843965559,MEAUXCAS,47.52B,GE
843966722,BOBIGNYCASH,47.52B,GE
844435883,TOTALENERGIES ONETECH,71.12B,GE
844436154,TOTALENERGIES EP UMM LULU SARB,06.10Z,GE
844646190,BOLLENECASH,47.52B,GE
844687749,THALES DIS FRANCE SAS,26.11Z,GE
844718551,OPELLA HEALTHCARE INTERNATIONAL SAS,46.46Z,GE
844752089,CAR LOVERS HOLDING,64.20Z,ETI
844789461,CONNEXIONS INVESTISSEMENT,64.20Z,GE
881761555,DEVOTEAM GROUP,66.30Z,ETI
899130116,DIOT - SIACI TOPCO,66.30Z,ETI
973505357,FEDEX EXPRESS FR,52.29A,GE
320651649,GROUPE DUBREUIL,70.10Z,GE
321514002,MARTIN-BROWER FRANCE SAS,49.41A,ETI
333520591,AFRICA MOBILITY SOLUTIONS FRANCE,45.11Z,GE
333583466,KUEHNE+NAGEL,52.10B,GE
333773174,VANTIVA,70.10Z,ETI
333834562,LYONDELL CHIMIE FRANCE,20.14Z,GE
334175221,UNITED PARCEL SERVICE FRANCE SAS,52.29A,ETI
347384570,BOULANGER,47.54Z,GE
347501413,ADVITAM PARTICIPATIONS,64.20Z,ETI
347538043,AS 24,46.71Z,GE
347851800,BERI 21,71.12B,ETI
348119728,CRISTALCO,46.36Z,GE
348607417,ALTEN,62.02A,GE
381511039,PEPSICO FRANCE,46.34Z,ETI
381634336,SOCIETE COOPERATIVE D'APPROVISIONNEMENT DE LA REGION DE L'ARTOIS SCAPARTOIS,46.17A,ETI
381904382,FINANCIERE SNOP-DUNOIS,70.10Z,ETI
382225050,INOXA,46.75Z,ETI
382231801,ALLIANZ AFRICA,66.30Z,GE
382296747,SOC DE PARTICIPATION DEAUVILLAISE,64.20Z,GE
393068077,CHANEL COORDINATION,46.42Z,GE
393162433,FAURECIA SIEGES D'AUTOMOBILE,29.32Z,GE
393341516,AIRBUS DEFENCE AND SPACE SAS,30.30Z,GE
393525852,NEXANS,70.10Z,GE
413935776,ARCELORMITTAL CENTRES DE SERVICES,46.72Z,GE
413957804,GROUPE SECHE,70.10Z,ETI
414668194,PEUGEOT CITROEN SOCHAUX SNC,29.10Z,GE
414713495,PEUGEOT CITROEN RENNES SNC,29.10Z,GE
414713503,PEUGEOT CITROEN MULHOUSE SNC,29.10Z,GE
414724864,ASN HOLDING,66.30Z,GE
414725101,THALES ALENIA SPACE FRANCE,30.30Z,GE
414815217,SAFRAN AIRCRAFT ENGINES,30.30Z,GE
414819409,CONFORAMA FRANCE,47.59A,GE
414842062,HEINEKEN ENTREPRISE,11.05Z,GE
421100645,LA BANQUE POSTALE,64.19Z,GE
421106709,SCHNEIDER ELECTRIC FRANCE,27.12Z,GE
421174038,ARCELORMITTAL MEDITERRANEE,24.10Z,GE
421199274,SOCIETE INVESTISSEMENT DECONINCK,70.10Z,ETI
421206079,ADEO SERVICES,46.15Z,GE
421218132,ALLIANCE HEALTHCARE REPARTITION,46.46Z,GE
421259615,LEGRAND,70.10Z,GE
421266271,GROUPE SEB EXPORT,46.43Z,GE
421343369,CRISTAL UNION,10.81Z,GE
421938861,FREE,61.10Z,GE
422251934,SINERGY,46.12A,ETI
439067612,CHANTIERS DE L'ATLANTIQUE,30.11Z,GE
439289265,ARAMIS,45.11Z,GE
439418922,ID LOGISTICS GROUP,70.22Z,GE
439436569,ADISSEO FRANCE S.A.S.,20.14Z,GE
439769654,ESSILOR INTERNATIONAL,32.50B,GE
439793811,EG RETAIL (FRANCE) SAS,47.30Z,ETI
451479208,GE WIND FRANCE SAS,28.11Z,GE
451489165,ESOMET,46.11Z,
451647903,BRICO DEPOT,47.52B,GE
451678973,CASTORAMA FRANCE,47.52B,GE
451746077,CREDIT AGRICOLE ASSURANCES,70.10Z,GE
452228596,FM LOGISTIC CORPORATE,70.10Z,ETI
452532856,ITM ALIMENTAIRE REGION PARISIENNE,46.17A,GE
452534126,ITM ALIMENTAIRE CENTRE EST,46.17A,GE
452534241,ITM ALIMENTAIRE CENTRE OUEST,46.17A,GE
452534340,ITM ALIMENTAIRE EST,46.17A,GE
452534415,ITM ALIMENTAIRE OUEST,46.17A,GE
452534472,ITM ALIMENTAIRE NORD,46.17A,GE
452534621,ITM ALIMENTAIRE SUD EST,46.17A,GE
452539679,ITM ALIMENTAIRE SUD OUEST,46.17A,GE
494887854,MARS WRIGLEY CONFECTIONERY FRANCE,10.82Z,GE
495137077,HOLDING D'INFRASTRUCTURES DES METIERS DE L'ENVIRONNEMENT,64.20Z,GE
495361602,LOGISTA FRANCE,46.35Z,GE
495780348,COOPERATIVE D'EXPLOITATION ET DE REPARTITION PHARMACEUTIQUE DE BRETAGNE ATLANTIQUE,46.46Z,ETI
496680018,KERMENE,10.11Z,GE
497658377,FINANCIERE GAILLON 8,64.20Z,
510899909,ACTUAL GROUP,70.10Z,GE
524335262,TESLA FRANCE,45.11Z,ETI
537709453,MOLDINO TOOL ENGINEERING EUROPE GMBH,47.52A,PME
538695040,KEM ONE,20.16Z,ETI
753308238,ACTION FRANCE,47.19B,GE
758501001,LEGRAND FRANCE,27.33Z,GE
759200934,SOREAL,46.21Z,PME
769800202,HEPPNER SOCIETE DE TRANSPORTS,52.29B,ETI
790858294,PRIMARK FRANCE SAS,47.71Z,ETI
790883144,MC2 PHARMA,70.22Z,
790893358,BAMEO,35.11Z,PME
807641360,CONSTELLIUM NEUF BRISACH,24.42Z,GE
807976527,ASCOM INVEST,64.20Z,GE
808234801,MONDELEZ FRANCE SAS,46.36Z,GE
808332670,SNCF,49.10Z,
808448757,SOCIETE BRETONNE DE VOLAILLE,46.32C,GE
808636849,CERTAS ENERGY FRANCE,47.30Z,GE
823619804,SIEMENS GAMESA RENEWABLE ENERGY S.A.S.,33.20B,ETI
823969613,ALGEMENE ELECTRISCHE ONDERNEMINGEN KAMIEL VERSTRAETE,43.21A,PME
824484653,SONEPAR FRANCE DISTRIBUTION,46.69A,GE
824515019,CARGLASS SERVICES,45.32Z,GE
824538557,ACTION LOGEMENT IMMOBILIER,66.30Z,GE
824543490,AGREGIO SOLUTIONS,46.19B,GE
850826728,CASPER TOPCO,70.10Z,ETI
850888850,SAGEMCOM GROUP,64.20Z,GE
882938616,EURIS HOLDING,66.30Z,GE
883713737,FRANKLIN TEMPLETON INTERNATIONAL SERVICES S.A.R.L,66.30Z,PME
900217753,SUEZ HOLDING,66.30Z,GE
901283754,HOLDAPAVE,70.10Z,GE
901327379,CIRCET HOLDING,66.30Z,ETI
922245931,AMPERE SAS,66.30Z,GE
922420963,DELTA,82.11Z,ETI
951685908,VICTAULIC  EUROPE BV,46.90Z,PME
999990005,STEF,68.20B,GE
317218758,WORLDLINE IGSA,70.10Z,ETI
317358380,AGCO S.A.S.,28.30Z,ETI
318516457,ARIANESPACE,51.22Z,GE
318571064,LOUIS VUITTON MALLETIER,46.49Z,GE
326300159,TELEVISION FRANCAISE 1,60.20A,GE
326720471,DUPESSEY HOLDING,46.76Z,ETI
326820065,SOPRA STERIA GROUP,62.02A,GE
339012452,METROPOLE TELEVISION,60.20A,GE
339379984,SAUR,36.00Z,GE
339993164,START PEOPLE,70.10Z,ETI
355801929,BANQUE FEDERATIVE DU CREDIT MUTUEL,64.19Z,GE
356000000,LA POSTE,53.10Z,GE
357200054,ROQUETTE FRERES,10.62Z,GE
358200913,GROUPE ADEO,70.10Z,GE
364800060,COVIVIO,68.20B,ETI
369200167,FRANCAISE DE MECANIQUE,29.10Z,GE
377913728,VILMORIN & CIE,70.10Z,GE
377994553,APRIL,70.10Z,ETI
378168470,MBDA FRANCE,25.40Z,GE
378176291,COFIDIS GROUP,64.20Z,GE
378291504,CARAVANES LA MANCELLE,29.20Z,GE
393712286,SEPHORA,47.75Z,GE
394400121,BASELL POLYOLEFINES FRANCE,20.16Z,GE
394583678,NESTLE PURINA PETCARE COMMERCIAL OPERATIONS FRANCE OU NPPCOF,46.38B,GE
412280737,SNCF RESEAU,52.21Z,GE
412329898,SPIE BELGIUM,42.11Z,
412399792,COOKSON METAUX PRECIEUX,46.48Z,ETI
412824682,FORACO INTERNATIONAL,64.20Z,PME
425127362,FMC AUTOMOBILES,45.11Z,ETI
425920352,ANCIENS ETS G.SCHIEVER ET FILS,70.10Z,ETI
428096796,FIMAS,64.20Z,ETI
428240287,CARREFOUR SUPPLY CHAIN,52.10B,GE
428264915,H GCC,70.10Z,ETI
428268023,DISTRIBUTION CASINO FRANCE,47.11F,GE
440055861,SPIE BUILDING SOLUTIONS,43.21A,GE
440117620,NATRAN,49.50Z,GE
440191336,ALPIQ ENERGIE FRANCE SAS,35.14Z,ETI
440252666,SOCIETE D'ENRICHISSEMENT DU TRICASTIN,20.13A,GE
440283752,CSF,46.39B,GE
440294510,SAGEMCOM BROADBAND SAS,46.52Z,GE
440410637,GROUPE SEB FRANCE,46.49Z,GE
440674364,SWISS INTERNATIONAL AIR LINES SA,51.10Z,PME
440726289,GRANT THORNTON & ASSOCIES,69.20Z,ETI
440849016,SAS VESTAS FRANCE,46.69A,ETI
440919777,PFL,64.20Z,ETI
441133808,NAVAL GROUP,30.11Z,GE
478548449,MFC PROU-INVESTISSEMENT,64.20Z,ETI
478711161,SPIE BATIGNOLLES,70.10Z,GE
478725625,GIFI MAG,47.19B,GE
478921612,KPMG ASSOCIES,66.30Z,GE
479054033,A R FINANCE,66.22Z,
479162695,VALEO ELECTRIFICATION,29.31Z,GE
479463044,NESTLE WATERS MARKETING & DISTRIBUTION,46.34Z,GE
479539447,SODIMAX EXPLOITATION,70.10Z,ETI
479697476,AUTOMOTIVE PARTS AND SERVICES GROUP,70.10Z,ETI
479766842,CAPGEMINI TECHNOLOGY SERVICES,62.02A,GE
479890048,QORVO UK LIMITED,62.01Z,PME
488862368,GSE,71.12B,ETI
489099903,EUROPCAR MOBILITY GROUP,70.10Z,GE
489179713,KUWAIT PETROLEUM AVIATION FRANCE SAS,46.71Z,ETI
489504332,ONET SA,70.10Z,GE
489967687,EDF PRODUCTION ELECTRIQUE INSULAIRE SAS,35.11Z,GE
490122975,BASELL SALES AND MARKETING COMPANY BV,46.12B,GE
501193171,ES ENERGIES STRASBOURG,35.14Z,GE
501428437,AGCO DISTRIBUTION S.A.S.,46.61Z,ETI
501493605,ORANO MINING,46.72Z,GE
501651616,APERAM STAINLESS FRANCE,24.10Z,GE
501706170,GAZELENERGIE SOLUTIONS,35.13Z,GE
517635009,TOTALENERGIES GLNG AUSTRALIA,09.10Z,GE
518495353,COMCAST INTERNATIONAL FRANCE SAS,62.01Z,ETI
532991429,DEMATHIEU & BARD INVESTISSEMENT,64.20Z,
533023362,DEMATHIEU & BARD GROUPE,64.20Z,
533247979,TEREOS FRANCE,10.81Z,GE
533837142,SAINT JUDIST EXPANSION,64.20Z,ETI
533960407,IDEMIA GROUP,70.10Z,GE
786920306,CORA,47.11F,GE
788593218,MGTS CONCEPTION,71.12B,GE
800437410,POMPAC DEVELOPPEMENT,66.30Z,GE
800552572,ICELANDAIR EHF.,51.10Z,PME
800622862,ALTRAD PARTICIPATIONS,64.20Z,GE
801076134,SOUFFLET NEGOCE BY INVIVO,46.21Z,GE
801720533,FINANCIERE TOP MENDEL,82.99Z,ETI
801720541,FINANCIERE DARWIN I,82.99Z,
814811592,NOVARES GROUP,70.22Z,ETI
814868550,FAMILLE C,70.10Z,ETI
815154851,EURIAL LAIT,46.33Z,GE
815232848,POLYTECHNYL,20.16Z,ETI
828311415,ZF INVEST,70.10Z,GE
828487975,ZF BIDCO,66.30Z,GE
842837080,BARCLAYS BANK IRELAND PLC,64.19Z,ETI
843626227,FLUOR CONSULTANT BV,46.90Z,PME
843655549,NETFLIX SERVICES FRANCE S.A.S.,60.20B,ETI
902925288,RENAULT ELECTRICITY,29.10Z,GE
903199800,VIVALTO SANTE 3,66.30Z,GE
920350477,MANUTAN HOLDING,64.20Z,ETI
946051018,SYSTEME U EST,78.30Z,PME
982640146,TOTALENERGIES EP WAHA,09.10Z,GE
7080021,SOCIETE COOPERATIVE D'APPROVISIONNEMENT DE L'OUEST,46.17A,ETI
16250029,APRR,52.21Z,GE
36510865,SOMDIA,46.21Z,GE
54500574,RALLYE,70.10Z,GE
54807284,COMPAGNIE DAHER,70.10Z,GE
55800296,FNAC DARTY,70.10Z,GE
55804124,BOLLORE SE,22.21Z,GE
55812440,BELLON,70.10Z,GE
56501711,BECTON DICKINSON FRANCE,32.50A,GE
56502248,SAMSE,46.73A,GE
56800659,SNEF,43.21A,GE
56801046,COMPAGNIE DE L'ODET,64.20Z,GE
57505539,VICAT,23.51Z,ETI
318919065,MAN TRUCK & BUS FRANCE,45.19Z,GE
319137576,PIERRE FABRE DERMO-COSMETIQUE,20.42Z,GE
319159877,THALES LAS FRANCE SAS,26.51A,GE
319267134,JC DECAUX HOLDING,70.10Z,ETI
319378832,BNP PARIBAS ASSET MANAGEMENT EUROPE,66.30Z,GE
319493953,COOPERATIVE D'APPROVISIONNEMENT NORMANDE,46.17A,ETI
319632790,ARKEMA FRANCE,20.14Z,GE
319851408,SOCIETE VEHICULES AUTOMOBILES BATILLY,29.10Z,GE
320252489,BPIFRANCE,64.92Z,GE
320353576,PEUGEOT CITROEN POISSY SNC,29.10Z,GE
320366446,LAGARDERE SA,70.10Z,GE
329035422,YAMAHA MOTOR MANUFACTURING EUROPE,30.91Z,ETI
329211734,SOCIETE D'EDITION DE CANAL PLUS,60.20A,GE
329338883,COLAS FRANCE,42.11Z,GE
329764625,CLARANOVA S.E.,70.10Z,PME
329892368,DIAC LOCATION,77.11B,GE
329925010,SYNERGIE,78.20Z,ETI
330139403,GOODYEAR FRANCE,45.31Z,ETI
341737062,CNP ASSURANCES,65.11Z,GE
341984839,EMIL FREY HOLDING FRANCE,64.20Z,GE
342021458,CAT.SA,66.22Z,GE
342252400,EXEL,64.20Z,ETI
342376332,ILIAD,82.99Z,GE
342439320,OPEL FRANCE,45.11Z,GE
342547361,YVES SAINT LAURENT,74.10Z,GE
351528229,DELL.,46.51Z,GE
351571757,GL EVENTS,70.10Z,ETI
351572888,SODIAAL UNION,46.33Z,GE
351745724,MEUBLES IKEA FRANCE,47.59A,GE
351808449,EDEN AUTO,70.22Z,ETI
351867692,TEMSYS,77.11B,GE
352014955,CANDIA,10.51A,GE
352050512,SAFRAN NACELLES,30.30Z,GE
352170013,NORTH ATLANTIC CHEMICAL,20.16Z,GE
352256424,ARVAL SERVICE LEASE,77.11B,GE
352383715,AIRBUS HELICOPTERS,30.30Z,GE
352463574,MARTIN BELAYSOUD EXPANSION,70.10Z,ETI
352474274,FAMILLE FAIVELEY PARTICIPATIONS,70.10Z,
383850278,EURO DISNEY VACANCES SAS,79.12Z,GE
383915295,KIA FRANCE,45.11Z,ETI
383960135,CHRONOPOST,53.20Z,GE
383986874,COOPERL ARC ATLANTIQUE,10.11Z,GE
384006029,CAISSE D'EPARGNE ET DE PREVOYANCE DE RHONE ALPES,64.19Z,GE
384169926,ARROW ECS,46.51Z,ETI
384174348,FREELANCE.COM,62.02A,ETI
384500229,FINANSOD,70.22Z,ETI
384560942,LEROY MERLIN FRANCE,47.52B,GE
384711909,SOITEC,26.11Z,ETI
384783239,MARSEILLAN,64.20Z,GE
384846432,DISTRIBUTION LEADER PRICE SNC,46.17A,GE
385006234,PRO A PRO,46.39B,GE
385110234,SOCIETE COOPERATIVE AGRICOLE UNEAL,46.21Z,ETI
385123161,ORTEC EXPANSION,64.20Z,GE
395006398,COUTIER DEVELOPPEMENT,70.10Z,ETI
395030844,SANOFI,70.10Z,GE
397471822,EURO DISNEY ASSOCIES SAS,93.21Z,GE
397479635,ETABLISSEMENTS THEVENIN & DUCROT,64.20Z,ETI
397480930,BOUYGUES TELECOM,61.20Z,GE
397971334,TOSHIBA EUROPE GMBH,46.51Z,PME
398138545,INETUM MODERNISATION SOLUTIONS,62.02A,GE
404494387,LE PARADIS DU FRUIT,56.10C,
404495566,AMARI METAL FRANCE,64.20Z,ETI
419339965,KBC BANK,64.19Z,PME
432766947,FRANCE TELEVISIONS,60.20A,GE
433082476,AGARIK SAS,63.11Z,GE
433085149,MONDELEZ FRANCE BISCUITS PRODUCTION SAS,10.72Z,GE
433466570,VIGIE,70.10Z,
433623550,PFIZER,46.46Z,GE
433744539,ELECTRO DEPOT FRANCE,47.54Z,GE
433900834,BOUYGUES BATIMENT ILE DE FRANCE,41.20B,GE
433927332,TRANSGOURMET OPERATIONS,46.39B,ETI
433934809,VEOLIA CENTRAL & EASTERN EUROPE,64.30Z,GE
444346795,NEXITY,70.10Z,GE
444523567,GROUPE DUVAL,68.32A,ETI
444608442,ENEDIS,35.13Z,GE
444619258,RTE RESEAU DE TRANSPORT D ELECTRICITE,35.12Z,GE
444718563,ARCELORMITTAL ATLANTIQUE ET LORRAINE,24.10Z,
444786511,GRDF,35.22Z,GE
444816078,ENI SPA,82.99Z,ETI
445074685,ARKEMA,70.10Z,GE
479973513,REXEL,64.20Z,GE
480055680,ATOS INVESTISSEMENT 10,62.02A,GE
480107911,SAFRAN ELECTRONICS & DEFENSE,26.51A,GE
480218544,HERE EUROPE B.V.,63.11Z,GE
481043040,EUTELSAT COMMUNICATIONS,70.10Z,ETI
481278240,LENOVO FRANCE SAS,46.51Z,ETI
491807145,WFS GLOBAL HOLDING,70.10Z,ETI
491974861,DERICHEBOURG ENVIRONNEMENT,38.32Z,GE
492042338,FINANCIERE SPIE BATIGNOLLES,64.20Z,
492133947,GROUPE MOBALI-BANDA,70.22Z,
492203815,VARO ENERGY FRANCE SAS,46.71Z,ETI
492273438,NOVARTEX,64.30Z,PME
492791306,TRANSAVIA FRANCE,51.10Z,GE
492851266,FINANCIERE TRUCK (INVESTISSEMENT),64.20Z,ETI
507523801,SNCF GARES & CONNEXIONS,52.21Z,GE
508311214,PURPLE DEVELOPMENT,70.22Z,PME
521477851,TRANSDEV GROUP,52.21Z,GE
521913798,SOCIETE VALMY DEFENSE 38 EN ABREGE SVD 38,46.71Z,GE
522493196,KEYRUS MANAGEMENT,70.22Z,ETI
535323174,PROMAN EXPANSION,70.10Z,GE
535420533,CONFRATERNELLE D'EXPLOITATION ET DE REPARTITION PHARMACEUTIQUE RHIN RHONE MEDITERRANEE,46.46Z,ETI
535720700,COMPAGNIE INDUSTRIELLE DE DELLE,64.20Z,PME
536820269,LISI,70.10Z,ETI
718200611,SOC COOP APPROVISIONNEMENT PARIS NORD,46.17A,ETI
722000965,BMW FRANCE,45.11Z,GE
722003936,MCDONALD'S FRANCE,68.20B,GE
722032778,BASSAC,66.30Z,ETI
722041860,BUT INTERNATIONAL,47.59A,GE
722049459,TRIGANO,70.10Z,GE
722063997,SOC DES ATELIERS LOUIS VUITTON,15.12Z,GE
722065638,TD SYNNEX FRANCE,46.51Z,ETI
729800821,ZODIAC AEROSPACE,70.10Z,
732075312,ACCENTURE,62.02A,GE
784393530,RUBIS,64.20Z,GE
784608416,CREDIT AGRICOLE SA,64.19Z,GE
784939688,PICARD SURGELES,47.11A,GE
785304031,CLAAS TRACTOR SAS,28.30Z,ETI
785386319,BURELLE,66.30Z,ETI
785480351,SUPERMARCHES MATCH,47.11D,GE
799234430,TOTALENERGIES EP ANGOLA BLOCK 32,09.10Z,GE
799292842,CELENA,64.20Z,
799318738,SICA SAS AXEREAL,46.21Z,GE
799339312,EULER HERMES,65.12Z,GE
799403050,AVRIL,70.10Z,GE
799403076,AVRIL GESTION,64.20Z,PME
812053403,WFS ACQUISITION SAS,82.99Z,ETI
812163913,VERALLIA,64.20Z,ETI
812375624,IWIP,46.77Z,GE
821763844,LOCKEED MARTIN GLOBAL INC.,26.40Z,PME
831763743,CONSTELLIUM SE,66.30Z,GE
832277370,VOLKSWAGEN GROUP FRANCE,45.11Z,GE
832509285,BORDEAUX METROPOLE ENERGIES,70.10Z,ETI
844936781,GROUPE SPIE BATIGNOLLES,64.20Z,GE
847120185,SAVENCIA SA,64.20Z,GE
879556363,FINANCIERE SENIOR CINQUS,66.30Z,ETI
880005756,TOTALENERGIES - CENTRALE ELECTRIQUE SAINT-AVOLD,35.11Z,GE
880039243,BPCE ASSURANCES,64.20Z,GE
890897978,TATA SIA AIRLINES LIMITED,51.10Z,ETI
891871048,VIVALTO SANTE HOLDING 3,70.10Z,GE
901528869,SOCIETE DE COORDINATION BRENNUS,66.19B,PME
901644989,SUEZ,82.99Z,GE
901655944,DELPHARM,64.20Z,ETI
911748754,TREVISE HOLDINGS 3,64.20Z,GE
998823504,ADECCO FRANCE,78.20Z,GE
