siren,denominationUniteLegale,activitePrincipaleUniteLegale,categorieEntreprise,libelle_naf
305207169,ORANO DEMANTELEMENT,38.22Z,GE,Traitement et élimination des déchets dangereux
305493173,FCA FRANCE,45.11Z,GE,Commerce de voitures et de véhicules automobiles légers
305589152,CONTOUR,79.12Z,,Activités des voyagistes
305635583,SOCIETE COOPERATIVE D'APPROVISIONNEMENT RHONE ALPES,46.17A,ETI,Centrales d'achat alimentaires
305800997,DYNEFF S.A.S.,46.71Z,ETI,Commerce de gros (commerce interentreprises) de combustibles et de produits annexes
306015306,SOCAMAINE,46.17A,ETI,Centrales d'achat alimentaires
306020140,SYSTEME U SUD,82.99Z,PME,Autres activités de soutien aux entreprises n.c.a.
306094194,CARFUEL,46.12A,GE,Centrales d'achat de carburant
306138900,DECATHLON,68.20B,GE,Location de terrains et d'autres biens immobiliers
306523358,RCI BANQUE,64.19Z,GE,Autres intermédiations monétaires
306917535,SECHE ENVIRONNEMENT,70.10Z,ETI,Activités des sièges sociaux
315999201,LES GRANDS CHAIS DE FRANCE,11.02B,ETI,Vinification
316580869,PIERRE ET VACANCES,70.10Z,ETI,Activités des sièges sociaux
316807015,SYSCO FRANCE SAS,46.39A,ETI,Commerce de gros (commerce interentreprises) de produits surgelés
317007342,AUCHAN ENERGIES,46.12A,GE,Centrales d'achat de carburant
330589755,CLARINS,82.99Z,ETI,Autres activités de soutien aux entreprises n.c.a.
330703844,CAPGEMINI,70.10Z,GE,Activités des sièges sociaux
330956871,ORANO,64.20Z,GE,Activités des sociétés holding
331089474,TUI FRANCE,79.12Z,ETI,Activités des voyagistes
331142554,GROUPE LACTALIS,46.33Z,GE,"Commerce de gros (commerce interentreprises) de produits laitiers, œufs, huiles et matières grasses comestibles"
331309120,ABEILLE ASSURANCES HOLDING,64.20Z,GE,Activités des sociétés holding
340709534,IDEMIA FRANCE,26.12Z,GE,Fabrication de cartes électroniques assemblées
341192227,ITM ALIMENTAIRE INTERNATIONAL,46.17A,GE,Centrales d'achat alimentaires
341459386,STMICROELECTRONICS FRANCE,26.11Z,GE,Fabrication de composants électroniques
382900942,CAISSE D'EPARGNE ET DE PREVOYANCE ILE-DE-FRANCE,64.19Z,GE,Autres intermédiations monétaires
382983922,BNP PARIBAS CARDIF,64.30Z,GE,Fonds de placement et entités financières similaires
382984920,TOYOTA MOTOR EUROPE,70.21Z,GE,Conseil en relations publiques et communication
383196656,MAISONS DU MONDE FRANCE,47.59A,ETI,Commerce de détail de meubles
383470937,THALES SIX GTS FRANCE SAS,26.30Z,GE,Fabrication d'équipements de communication
383474814,AIRBUS,30.30Z,GE,Construction aéronautique et spatiale
383475092,THALES DMS FRANCE SAS,26.51A,GE,Fabrication d'équipements d'aide à la navigation
383491446,SEQUANA,64.30Z,PME,Fonds de placement et entités financières similaires
383699048,RAMSAY GENERALE DE SANTE,64.30Z,GE,Fonds de placement et entités financières similaires
404907941,ORANGINA SCHWEPPES FRANCE,11.07B,ETI,Production de boissons rafraîchissantes
405113598,BIOGARAN,46.46Z,GE,Commerce de gros (commerce interentreprises) de produits pharmaceutiques
405395518,NIKE RETAIL BV,47.64Z,ETI,Commerce de détail d'articles de sport en magasin spécialisé
407518059,VSP HOLDING,64.30Z,,Fonds de placement et entités financières similaires
407948926,TEREOS,46.21Z,,"Commerce de gros (commerce interentreprises) de céréales, de tabac non manufacturé, de semences et d'aliments pour le bétail"
407985308,BOUYGUES TRAVAUX PUBLICS,42.99Z,GE,Construction d'autres ouvrages de génie civil n.c.a.
408024719,ATOS FRANCE,62.02A,GE,Conseil en systèmes et logiciels informatiques
408168003,ELIOR GROUP,64.30Z,GE,Fonds de placement et entités financières similaires
429955297,MANPOWER FRANCE,78.20Z,GE,Activités des agences de travail temporaire
430006643,S.N.F. SA,20.16Z,ETI,Fabrication de matières plastiques de base
430330225,GCA INVESTISSEMENTS,64.20Z,ETI,Activités des sociétés holding
430355495,KOESIO GROUPE,70.10Z,ETI,Activités des sièges sociaux
441545951,STATKRAFT MARKETS GMBH,35.14Z,PME,Commerce d'électricité
441639465,RENAULT,64.20Z,GE,Activités des sociétés holding
442276473,CEREMIS,46.21Z,ETI,"Commerce de gros (commerce interentreprises) de céréales, de tabac non manufacturé, de semences et d'aliments pour le bétail"
442395448,TOTALENERGIES ELECTRICITE ET GAZ FRANCE,35.14Z,GE,Commerce d'électricité
469500961,ARCELORMITTAL DISTRIBUTION SOLUTIONS FRANCE,46.72Z,GE,Commerce de gros (commerce interentreprises) de minerais et métaux
470501545,MOBIVIA,70.22Z,GE,Conseil pour les affaires et autres conseils de gestion
476180625,ELO,70.10Z,GE,Activités des sièges sociaux
476980362,SOMFY SA,70.10Z,GE,Activités des sièges sociaux
477977755,GAS NATURAL EUROPE,35.23Z,PME,Commerce de combustibles gazeux par conduites
478417710,CHANEL PARFUMS BEAUTE,20.42Z,GE,Fabrication de parfums et de produits pour la toilette
490900396,LA FINANCIERE ATALIAN,64.20Z,GE,Activités des sociétés holding
491112629,HOLDING FCP,70.10Z,ETI,Activités des sièges sociaux
491372702,SPBI,30.12Z,ETI,Construction de bateaux de plaisance
491608642,ODAS,46.69B,PME,Commerce de gros (commerce interentreprises) de fournitures et équipements industriels divers
503681801,SOCIETE COOPERATIVE AGRICOLE AXEREAL,46.21Z,GE,"Commerce de gros (commerce interentreprises) de céréales, de tabac non manufacturé, de semences et d'aliments pour le bétail"
504124801,NGE,43.12B,GE,Travaux de terrassement spécialisés ou de grande masse
504340407,COMPAGNIE MERIEUX ALLIANCE,64.30Z,GE,Fonds de placement et entités financières similaires
519032247,ARIANEGROUP SAS,30.30Z,GE,Construction aéronautique et spatiale
519037584,SNCF VOYAGEURS,49.10Z,GE,Transport ferroviaire interurbain de voyageurs
530085802,FACEBOOK FRANCE,73.12Z,ETI,Régie publicitaire de médias
531073617,FINANCIERE JUMBO,64.20Z,PME,Activités des sociétés holding
752529131,NOVAFIVES,66.12Z,ETI,Courtage de valeurs mobilières et de marchandises
752778159,ARDIAN HOLDING,70.10Z,ETI,Activités des sièges sociaux
794777383,MAKI,47.78C,PME,Autres commerces de détail spécialisés divers
797080850,SOCIETE ANONYME DES EAUX MINERALES D EVIAN,11.07A,GE,Industrie des eaux de table
818751653,FM HOLDING CORPORATE,64.20Z,ETI,Activités des sociétés holding
839082450,EXCLUSIVE NETWORKS CORPORATE,64.20Z,ETI,Activités des sociétés holding
848551065,LIGNA ENR,46.71Z,ETI,Commerce de gros (commerce interentreprises) de combustibles et de produits annexes
880242375,HIGHWAY,66.30Z,GE,Gestion de fonds
880470646,FINANCIERE FERONIA I,66.30Z,PME,Gestion de fonds
898534862,CHROME TOPCO,64.20Z,GE,Activités des sociétés holding
311799456,SCHENKER FRANCE,49.41A,GE,Transports routiers de fret interurbains
312141336,SOCIETE MECANIQUE AUTOMOBILE DE L'EST,29.10Z,GE,Construction de véhicules automobiles
312212301,RENAULT RETAIL GROUP,45.11Z,GE,Commerce de voitures et de véhicules automobiles légers
312263742,LECLERC APPROVISIONNEMENT SUD,46.17A,ETI,Centrales d'achat alimentaires
312327737,SNF GROUP,70.10Z,ETI,Activités des sièges sociaux
312520471,FOURNIER GROUP,66.30Z,ETI,Gestion de fonds
312668692,AUCHAN RETAIL AGRO,46.31Z,GE,Commerce de gros (commerce interentreprises) de fruits et légumes
312730674,EURO-INFORMATION EUROPEENNE DE TRAITEMENT DE L'INFORMATION,62.03Z,GE,Gestion d'installations informatiques
313042251,SYSTEME U NORD-OUEST,46.17A,PME,Centrales d'achat alimentaires
313105769,CENTRE DEPARTEMENTAL DE L ELEVAGE OVIN,01.62Z,,Activités de soutien à la production animale
313151292,SOC COOPERATIVE SOCAMIL,46.17A,ETI,Centrales d'achat alimentaires
313243800,NA,64.20Z,GE,Activités des sociétés holding
323623603,ATOS SE,77.40Z,GE,"Location-bail de propriété intellectuelle et de produits similaires, à l'exception des œuvres soumises à copyright"
324444991,SERVIER SAS,82.99Z,GE,Autres activités de soutien aux entreprises n.c.a.
331631408,VINCI CONSTRUCTION INTERNATIONAL NETWORK,41.20B,GE,Construction d'autres bâtiments
331888990,SOCIETE DES MAGASINS LOUIS VUITTON - FRANCE,47.72B,GE,Commerce de détail de maroquinerie et d'articles de voyage
344444021,VIVESCIA INDUSTRIES,70.10Z,GE,Activités des sièges sociaux
344477468,ELIVIA,10.11Z,GE,Transformation et conservation de la viande de boucherie
344496252,AMADEUS,62.02A,ETI,Conseil en systèmes et logiciels informatiques
344658117,INGRAM MICRO,46.51Z,ETI,"Commerce de gros (commerce interentreprises) d'ordinateurs, d'équipements informatiques périphériques et de logiciels"
344733803,RIVA ACIER,24.20Z,ETI,"Fabrication de tubes, tuyaux, profilés creux et accessoires correspondants en acier"
344844998,AKWEL SA,29.32Z,ETI,Fabrication d'autres équipements automobiles
345039416,ORANGE BUSINESS SERVICES,62.02A,GE,Conseil en systèmes et logiciels informatiques
345130488,CARREFOUR PROXIMITE FRANCE,77.40Z,GE,"Location-bail de propriété intellectuelle et de produits similaires, à l'exception des œuvres soumises à copyright"
345287734,DUMONT INVESTISSEMENT,70.10Z,GE,Activités des sièges sociaux
345322846,SOUFFLET NEGOCE,46.21Z,GE,"Commerce de gros (commerce interentreprises) de céréales, de tabac non manufacturé, de semences et d'aliments pour le bétail"
352730394,BOLLORE PARTICIPATIONS SE,70.10Z,GE,Activités des sièges sociaux
352745749,EIFFAGE GENIE CIVIL,42.99Z,GE,Construction d'autres ouvrages de génie civil n.c.a.
352821664,GBH,64.20Z,GE,Activités des sociétés holding
352849327,TARKETT,70.10Z,ETI,Activités des sièges sociaux
352860639,T.D-DISTRIBUTION THEVENIN-DUCROT-DISTRIBUTION,46.71Z,ETI,Commerce de gros (commerce interentreprises) de combustibles et de produits annexes
352925390,TOSOH EUROPE,46.46Z,PME,Commerce de gros (commerce interentreprises) de produits pharmaceutiques
352980601,DERICHEBOURG,38.32Z,GE,Récupération de déchets triés
353261555,STEDIS,46.71Z,GE,Commerce de gros (commerce interentreprises) de combustibles et de produits annexes
353402779,SCA FRUITS LEGUMES FLEURS,46.17A,GE,Centrales d'achat alimentaires
353534506,AXA INVESTMENT MANAGERS PARIS,66.30Z,GE,Gestion de fonds
353543358,EURIAL,10.51C,GE,Fabrication de fromage
353597677,SCA PETROLE ET DERIVES,46.71Z,GE,Commerce de gros (commerce interentreprises) de combustibles et de produits annexes
353635113,FINANCIERE MINH-CAM,64.30Z,GE,Fonds de placement et entités financières similaires
353665284,AGRIAL ENTREPRISE,70.22Z,GE,Conseil pour les affaires et autres conseils de gestion
385365713,INETUM,62.02A,GE,Conseil en systèmes et logiciels informatiques
387672421,ALLIANCE REGIONALE EST APPRO,46.75Z,ETI,Commerce de gros (commerce interentreprises) de produits chimiques
387940778,TRANSITYRE FRANCE SA,45.31Z,GE,Commerce de gros d'équipements automobiles
387949530,SYSTRA,71.12B,ETI,"Ingénierie, études techniques"
388021156,SAIPOL,10.41A,GE,Fabrication d'huiles et graisses brutes
388202533,CAISSE CENTRALE DE REASSURANCE,65.20Z,ETI,Réassurance
388255861,NHINDUSTRIES,46.14Z,GE,"Intermédiaires du commerce en machines, équipements industriels, navires et avions"
388380073,CITEO,82.99Z,ETI,Autres activités de soutien aux entreprises n.c.a.
398586909,TSF JAZZ,60.10Z,PME,Édition et diffusion de programmes radio
398979310,H&M HENNES & MAURITZ,47.71Z,ETI,Commerce de détail d'habillement en magasin spécialisé
399036649,MANE INVESTISSEMENTS,70.10Z,ETI,Activités des sièges sociaux
399227990,ALDI,70.10Z,GE,Activités des sièges sociaux
399295385,VIATRIS SANTE,46.46Z,GE,Commerce de gros (commerce interentreprises) de produits pharmaceutiques
399315613,METRO FRANCE,46.39B,GE,Commerce de gros (commerce interentreprises) alimentaire non spécialisé
399361468,GAZELENERGIE GENERATION,35.14Z,GE,Commerce d'électricité
399395581,STMICROELECTRONICS (CROLLES 2) SAS,26.11Z,GE,Fabrication de composants électroniques
399402965,OREFI ORIENTALE ET FINANCIERE,70.10Z,ETI,Activités des sièges sociaux
410001952,VINCI CONCESSIONS,70.10Z,GE,Activités des sièges sociaux
410034607,SUEZ EAU FRANCE,36.00Z,GE,"Captage, traitement et distribution d'eau"
410061014,SHV GAS SUPPLY & RISK MANAGEMENT,46.71Z,ETI,Commerce de gros (commerce interentreprises) de combustibles et de produits annexes
410206437,AMPERE ELECTRICITY,29.10Z,GE,Construction de véhicules automobiles
410336069,ANTALIS,70.10Z,ETI,Activités des sièges sociaux
410349070,NOVARTIS PHARMA SAS,46.46Z,GE,Commerce de gros (commerce interentreprises) de produits pharmaceutiques
410408959,AUCHAN RETAIL INTERNATIONAL,70.10Z,GE,Activités des sièges sociaux
410409015,AUCHAN SUPERMARCHE,47.11D,GE,Supermarchés
410409460,AUCHAN HYPERMARCHE,47.11F,GE,Hypermarchés
424059822,CDISCOUNT,47.91A,GE,Vente à distance sur catalogue général
424623759,SIDEL BLOWING & SERVICES,28.96Z,GE,Fabrication de machines pour le travail du caoutchouc ou des plastiques
424982650,SCC FRANCE,46.51Z,ETI,"Commerce de gros (commerce interentreprises) d'ordinateurs, d'équipements informatiques périphériques et de logiciels"
425049756,GROUPE SPAG,41.10A,PME,Promotion immobilière de logements
433999356,RANDSTAD,78.20Z,GE,Activités des agences de travail temporaire
434209797,DELOITTE,69.20Z,GE,Activités comptables
434211843,CONTANGO TRADING SA,64.30Z,GE,Fonds de placement et entités financières similaires
434212130,CARREFOUR IMPORT,46.41Z,GE,Commerce de gros (commerce interentreprises) de textiles
434317293,VENTE PRIVEE.COM,47.91A,ETI,Vente à distance sur catalogue général
434544045,KADRIS CONSULTANTS,70.22Z,ETI,Conseil pour les affaires et autres conseils de gestion
434691192,MILLIPORE,28.29B,GE,Fabrication d'autres machines d'usage général
449430537,EHDH,64.20Z,ETI,Activités des sociétés holding
482930385,AXXES,52.21Z,ETI,Services auxiliaires des transports terrestres
483209383,APPLE RETAIL FRANCE EURL,47.41Z,ETI,"Commerce de détail d'ordinateurs, d'unités périphériques et de logiciels en magasin spécialisé"
483339156,ALTERNA ENERGIE,35.14Z,GE,Commerce d'électricité
483385142,GETLINK S.E.,70.10Z,ETI,Activités des sièges sociaux
483790069,BPIFRANCE,84.13Z,PME,Administration publique (tutelle) des activités économiques
483993226,SALESFORCE.COM FRANCE,63.11Z,ETI,"Traitement de données, hébergement et activités connexes"
499208932,ROTHSCHILD & CO CONCORDIA,64.20Z,ETI,Activités des sociétés holding
499247138,FREE MOBILE,61.20Z,GE,Télécommunications sans fil
512261306,BY MY CAR GROUP,64.20Z,GE,Activités des sociétés holding
531680445,TOTALENERGIES MARKETING FRANCE,46.71Z,GE,Commerce de gros (commerce interentreprises) de combustibles et de produits annexes
532005352,DAMA,64.20Z,PME,Activités des sociétés holding
532712825,SPIE SA,64.20Z,GE,Activités des sociétés holding
662006170,PIERRE FABRE SA,70.10Z,GE,Activités des sièges sociaux
662025196,ELIOR RESTAURATION FRANCE,56.29B,GE,Autres services de restauration n.c.a.
662042449,BNP PARIBAS,64.19Z,GE,Autres intermédiations monétaires
665580072,BONDUELLE EUROPE LONG LIFE,10.39A,ETI,Autre transformation et conservation de légumes
672039971,DANONE PRODUITS FRAIS FRANCE,10.51A,GE,Fabrication de lait liquide et de produits frais
673620399,BIOMERIEUX SA,20.59Z,GE,Fabrication d'autres produits chimiques n.c.a.
678200890,GROUPE DRODE ET COMPAGNIE,68.20B,PME,Location de terrains et d'autres biens immobiliers
682024096,UNIBAIL-RODAMCO-WESTFIELD SE,41.10C,ETI,Promotion immobilière d'autres bâtiments
682031885,TOTAL E ET P INDONESIE,06.10Z,GE,Extraction de pétrole brut
692014962,SA DE LA RAFFINERIE DES ANTILLES,19.20Z,GE,Raffinage du pétrole
692030992,EURAZEO,70.10Z,ETI,Activités des sièges sociaux
695480244,CNH INDUSTRIAL FRANCE,46.61Z,ETI,Commerce de gros (commerce interentreprises) de matériel agricole
696520410,HERMES SELLIER,15.12Z,GE,"Fabrication d'articles de voyage, de maroquinerie et de sellerie"
698800935,ALSTOM CRESPIN SAS,30.20Z,GE,Construction de locomotives et d'autre matériel ferroviaire roulant
699809174,NISSAN WEST EUROPE,45.11Z,GE,Commerce de voitures et de véhicules automobiles légers
700200983,ROYAL CANIN SAS,10.92Z,GE,Fabrication d'aliments pour animaux de compagnie
702012956,ALTRAN TECHNOLOGIES,62.02A,GE,Conseil en systèmes et logiciels informatiques
702022724,KAUFMAN & BROAD SA,64.20Z,GE,Activités des sociétés holding
702023508,FONCIERE EURIS,64.20Z,GE,Activités des sociétés holding
702027376,EGIS,70.10Z,GE,Activités des sièges sociaux
702042755,CGI FRANCE,62.02A,GE,Conseil en systèmes et logiciels informatiques
702052333,AMPERE CLEON,29.10Z,GE,Construction de véhicules automobiles
706580149,BAYER HEALTHCARE SAS,46.46Z,GE,Commerce de gros (commerce interentreprises) de produits pharmaceutiques
706980182,SOUFFLET AGRICULTURE,46.21Z,GE,"Commerce de gros (commerce interentreprises) de céréales, de tabac non manufacturé, de semences et d'aliments pour le bétail"
709802094,EIFFAGE,70.10Z,GE,Activités des sièges sociaux
712019538,SAFRAN LANDING SYSTEMS,30.30Z,GE,Construction aéronautique et spatiale
712034040,TOYOTA FRANCE,45.11Z,GE,Commerce de voitures et de véhicules automobiles légers
712039163,FINATIS,64.30Z,GE,Fonds de placement et entités financières similaires
712042456,DASSAULT AVIATION,30.30Z,GE,Construction aéronautique et spatiale
712049618,ESSILORLUXOTTICA,32.50B,GE,Fabrication de lunettes
713002269,SANOFI-AVENTIS RECHERCHE ET DEVELOPPEMENT,72.19Z,GE,Recherche-développement en autres sciences physiques et naturelles
798361200,SOCIETE CONGOLAISE DE TRANSPORTS MARITIMES - SOCOTRAM SA,70.10Z,PME,Activités des sièges sociaux
798620696,SELESFI SAS,70.10Z,ETI,Activités des sièges sociaux
810931766,EXCLUSIVE FRANCE HOLDING,64.20Z,ETI,Activités des sociétés holding
820842623,IDEX GROUP,64.20Z,GE,Activités des sociétés holding
820978559,SAGEMCOM BROADBAND SAS,26.30Z,GE,Fabrication d'équipements de communication
831178785,EXPLEO GROUP,64.20Z,GE,Activités des sociétés holding
841619307,DAIMLER TRUCK FRANCE S.A.S.U.,45.19Z,ETI,Commerce d'autres véhicules automobiles
841983828,UBER EATS FRANCE SAS,63.12Z,ETI,Portails Internet
842442972,J.P. MORGAN SE,64.19Z,GE,Autres intermédiations monétaires
852749324,LCC FRANCE,82.99Z,PME,Autres activités de soutien aux entreprises n.c.a.
852790229,GOLDMAN SACHS BANK EUROPE SE,66.19B,ETI,"Autres activités auxiliaires de services financiers, hors assurance et caisses de retraite, n.c.a."
888238219,COLISEE CARE,64.20Z,GE,Activités des sociétés holding
888238250,COLISEE GROUP,64.20Z,GE,Activités des sociétés holding
892154758,MEDILAB,46.46Z,PME,Commerce de gros (commerce interentreprises) de produits pharmaceutiques
892165994,GROUPE SNEF,43.21A,GE,Travaux d'installation électrique dans tous locaux
892417783,ALTASTORY,64.20Z,ETI,Activités des sociétés holding
892419250,GOLDSTORY,64.20Z,ETI,Activités des sociétés holding
904723715,COSMOBILIS GROUP,70.10Z,GE,Activités des sièges sociaux
914694179,SEVEANE,86.23Z,PME,Pratique dentaire
915180178,FEVORY HOLDING,64.20Z,PME,Activités des sociétés holding
300349636,SEB SA,64.20Z,GE,Activités des sociétés holding
300960622,SNETOR,46.69B,ETI,Commerce de gros (commerce interentreprises) de fournitures et équipements industriels divers
301075594,PARTICIPATION CINEMATOGRAPHIQUE CINE PAR,64.30Z,ETI,Fonds de placement et entités financières similaires
301292702,TELEPERFORMANCE SE,73.11Z,GE,Activités des agences de publicité
301940219,SODEXO,56.29B,GE,Autres services de restauration n.c.a.
301986154,SOCIETE COOPERATIVE D'APPROVISIONNEMENT PARIS-EST,46.17A,ETI,Centrales d'achat alimentaires
302079462,NESTLE PURINA PETCARE FRANCE,10.92Z,GE,Fabrication d'aliments pour animaux de compagnie
302178892,REMY COINTREAU,82.99Z,GE,Autres activités de soutien aux entreprises n.c.a.
302181722,CAM NEGOCE,46.21Z,ETI,"Commerce de gros (commerce interentreprises) de céréales, de tabac non manufacturé, de semences et d'aliments pour le bétail"
307166934,SCANIA FRANCE,45.19Z,GE,Commerce d'autres véhicules automobiles
307570747,JCDECAUX SE,70.10Z,ETI,Activités des sièges sociaux
307582866,PATHE,70.10Z,ETI,Activités des sièges sociaux
308197185,IPSEN PHARMA,46.46Z,GE,Commerce de gros (commerce interentreprises) de produits pharmaceutiques
308382035,ETAM DEVELOPPEMENT,64.20Z,ETI,Activités des sociétés holding
309214641,SOCIETE COOPERATIVE D'APPROVISIONNEMENT DE L'ILE DE FRANCE,46.17A,ETI,Centrales d'achat alimentaires
309304616,REXEL FRANCE,46.69A,GE,Commerce de gros (commerce interentreprises) de matériel électrique
322306440,DASSAULT SYSTEMES,58.29C,GE,Edition de logiciels applicatifs
322593203,UFP INTERNATIONAL,46.52Z,ETI,Commerce de gros (commerce interentreprises) de composants et d'équipements électroniques et de télécommunication
334367497,SAMSUNG ELECTRONICS FRANCE,46.52Z,ETI,Commerce de gros (commerce interentreprises) de composants et d'équipements électroniques et de télécommunication
334382298,SCAPALSACE,46.17A,ETI,Centrales d'achat alimentaires
334473352,RELAIS FNAC,47.41Z,GE,"Commerce de détail d'ordinateurs, d'unités périphériques et de logiciels en magasin spécialisé"
334851664,VINCI CONSTRUCTION,64.20Z,,Activités des sociétés holding
335092318,ORACLE FRANCE,62.02A,ETI,Conseil en systèmes et logiciels informatiques
335186094,UBISOFT ENTERTAINMENT,58.21Z,GE,Édition de jeux électroniques
335480265,HAVAS,77.40Z,GE,"Location-bail de propriété intellectuelle et de produits similaires, à l'exception des œuvres soumises à copyright"
335480877,ALTAREA,68.20B,GE,Location de terrains et d'autres biens immobiliers
348847062,EURIS,64.30Z,GE,Fonds de placement et entités financières similaires
348867755,GLOBAL BLUE FRANCE,82.99Z,GE,Autres activités de soutien aux entreprises n.c.a.
348940263,SOPRA-GMT,70.10Z,PME,Activités des sièges sociaux
348991555,ZARA FRANCE,47.71Z,GE,Commerce de détail d'habillement en magasin spécialisé
349032946,ROCHER PARTICIPATIONS,64.20Z,GE,Activités des sociétés holding
349039958,BERNARD PARTICIPATIONS,70.10Z,ETI,Activités des sièges sociaux
349505370,SANOFI R&D VACCINS,21.20Z,GE,Fabrication de préparations pharmaceutiques
349577908,COMPAGNIE DES ALPES,70.10Z,GE,Activités des sièges sociaux
349942458,GE ENERGY PRODUCTS FRANCE SNC,28.11Z,GE,"Fabrication de moteurs et turbines, à l'exception des moteurs d’avions et de véhicules"
350012522,ARIANESPACE PARTICIPATION,64.20Z,GE,Activités des sociétés holding
378901946,WORLDLINE,63.11Z,ETI,"Traitement de données, hébergement et activités connexes"
379041395,FRAMATOME,25.30Z,GE,"Fabrication de générateurs de vapeur, à l'exception des chaudières pour le chauffage central"
379548001,AUCHAN CARBURANT,47.30Z,GE,Commerce de détail de carburants en magasin spécialisé
379677636,EDF POWER SOLUTIONS,70.10Z,GE,Activités des sièges sociaux
379690167,WENDEL-PARTICIPATIONS SE,64.20Z,GE,Activités des sociétés holding
379706344,KNDS FRANCE,30.40Z,ETI,Construction de véhicules militaires de combat
379821994,SAP FRANCE,62.02B,ETI,Tierce maintenance de systèmes et d’applications informatiques
391360971,GILEAD SCIENCES,46.46Z,ETI,Commerce de gros (commerce interentreprises) de produits pharmaceutiques
391543576,PROCTER & GAMBLE FRANCE,46.18Z,GE,Intermédiaires spécialisés dans le commerce d'autres produits spécifiques
391637865,TECHNIP ENERGIES FRANCE,71.12B,GE,"Ingénierie, études techniques"
391804945,GROUPE PHILIPPE GINESTET,70.10Z,GE,Activités des sièges sociaux
392077517,AERO NEGOCE INTERNATIONAL,46.69B,PME,Commerce de gros (commerce interentreprises) de fournitures et équipements industriels divers
401251566,EMEIS,87.10A,GE,Hébergement médicalisé pour personnes âgées
401547138,SAFRANS,64.30Z,ETI,Fonds de placement et entités financières similaires
401913025,ST FINANCES,64.20Z,GE,Activités des sociétés holding
402103907,QUADIENT S.A.,70.10Z,ETI,Activités des sièges sociaux
410925473,HOLDING AND FINANCIAL PARTICIPATION,66.30Z,ETI,Gestion de fonds
410970503,SCAMARK,10.89Z,GE,Fabrication d'autres produits alimentaires n.c.a.
411096290,SNETOR OVERSEAS,46.76Z,ETI,Commerce de gros (commerce interentreprises) d'autres produits intermédiaires
411328644,VHF,64.20Z,PME,Activités des sociétés holding
411394893,HYUNDAI MOTOR FRANCE,45.11Z,ETI,Commerce de voitures et de véhicules automobiles légers
411890882,VALAMKA (GROUPE),70.22Z,PME,Conseil pour les affaires et autres conseils de gestion
412076937,ASSYSTEM,70.10Z,ETI,Activités des sièges sociaux
422551176,EUTELSAT S.A.,61.30Z,ETI,Télécommunications par satellite
422882894,FLANDRES LAITIERS MOULUS,08.12Z,GE,"Exploitation de gravières et sablières, extraction d’argiles et de kaolin"
422950865,AKKA TECHNOLOGIES,66.30Z,GE,Gestion de fonds
435391354,BUNGE FRANCE,46.21Z,ETI,"Commerce de gros (commerce interentreprises) de céréales, de tabac non manufacturé, de semences et d'aliments pour le bétail"
437574452,AMUNDI ASSET MANAGEMENT,66.30Z,GE,Gestion de fonds
437576531,PEUGEOT CITROEN PIECES DE RECHANGE,45.31Z,GE,Commerce de gros d'équipements automobiles
437580160,CACEIS,64.30Z,GE,Fonds de placement et entités financières similaires
450776968,LOXAM,77.32Z,ETI,Location et location-bail de machines et équipements pour la construction
450889225,SOREGIES,35.14Z,GE,Commerce d'électricité
451063739,HUAWEI TECHNOLOGIES FRANCE,46.52Z,ETI,Commerce de gros (commerce interentreprises) de composants et d'équipements électroniques et de télécommunication
451225692,ENI PLENITUDE FRANCE,35.14Z,GE,Commerce d'électricité
451321335,CARREFOUR HYPERMARCHES,47.11F,GE,Hypermarchés
451321376,CARREFOUR STATIONS SERVICE,47.30Z,GE,Commerce de détail de carburants en magasin spécialisé
451329908,CRIT,78.20Z,GE,Activités des agences de travail temporaire
484189352,HOLDING EONNET,64.20Z,ETI,Activités des sociétés holding
484290820,M-ENERGY,70.10Z,ETI,Activités des sièges sociaux
484786249,CRITEO,62.02A,ETI,Conseil en systèmes et logiciels informatiques
484834981,OMS SYNERGIE GROUP,70.22Z,ETI,Conseil pour les affaires et autres conseils de gestion
484838800,GEDIA,35.22Z,ETI,Distribution de combustibles gazeux par conduites
484918123,ABERTIS FRANCE,64.20Z,GE,Activités des sociétés holding
484964036,ARAMIS GROUP,70.22Z,GE,Conseil pour les affaires et autres conseils de gestion
499668440,ELIS,64.20Z,GE,Activités des sociétés holding
499936391,CAR-GARANTIE GMBH,45.11Z,PME,Commerce de voitures et de véhicules automobiles légers
500569405,DECATHLON FRANCE,47.64Z,GE,Commerce de détail d'articles de sport en magasin spécialisé
500689344,ALLAERT,43.32B,PME,Travaux de menuiserie métallique et serrurerie
513907261,BUNSHA INTERNATIONAL,66.30Z,GE,Gestion de fonds
525580130,COOP ATLANTIQUE,47.11D,ETI,Supermarchés
527573141,APAVE,71.20B,GE,"Analyses, essais et inspections techniques"
528593866,PROSOL,46.31Z,GE,Commerce de gros (commerce interentreprises) de fruits et légumes
528648892,CHAUSSON MATERIAUX,46.73A,ETI,Commerce de gros (commerce interentreprises) de bois et de matériaux de construction
546950379,CHARAL,10.13A,GE,Préparation industrielle de produits à base de viande
548500669,FINANCIERE ALSACIENNE DE TRANSPORT,70.10Z,ETI,Activités des sièges sociaux
552002313,BANQUE POPULAIRE RIVES DE PARIS,64.19Z,GE,Autres intermédiations monétaires
552002578,UNIBEL,64.20Z,GE,Activités des sociétés holding
552006454,TOTALENERGIES LUBRIFIANTS,19.20Z,GE,Raffinage du pétrole
552008443,SOCIETE BIC,46.49Z,ETI,Commerce de gros (commerce interentreprises) d'autres biens domestiques
552012031,ROCHE,46.46Z,ETI,Commerce de gros (commerce interentreprises) de produits pharmaceutiques
552016628,AEROPORTS DE PARIS,52.23Z,GE,Services auxiliaires des transports aériens
552025314,COLAS SA,42.11Z,GE,Construction de routes et autoroutes
552027211,TRANSPORTES AEREOS PORTUGUESES,51.10Z,PME,Transports aériens de passagers
552030967,VALEO,64.20Z,GE,Activités des sociétés holding
552032534,DANONE,70.10Z,GE,Activités des sièges sociaux
552037806,VINCI,70.10Z,GE,Activités des sièges sociaux
552040594,EULER HERMES GROUP,66.30Z,GE,Gestion de fonds
552043002,AIR FRANCE - KLM,70.10Z,GE,Activités des sièges sociaux
552044992,POMONA,46.39B,GE,Commerce de gros (commerce interentreprises) alimentaire non spécialisé
552045999,BOUYGUES CONSTRUCTION,42.13A,GE,Construction d'ouvrages d'art
552046484,CDC HABITAT SOCIAL SOCIETE ANONYME D'HABITATIONS A LOYER MODERE,68.20A,GE,Location de logements
552046955,ENGIE ENERGIE SERVICES,35.30Z,GE,Production et distribution de vapeur et d'air conditionné
552049447,SOCIETE NATIONALE SNCF,49.10Z,GE,Transport ferroviaire interurbain de voyageurs
552059024,THALES,70.10Z,GE,Activités des sièges sociaux
552065187,PARFUMS CHRISTIAN DIOR,20.42Z,GE,Fabrication de parfums et de produits pour la toilette
552073785,COMPAGNIE DU CAMBODGE,64.20Z,GE,Activités des sociétés holding
552075020,KERING,70.10Z,GE,Activités des sièges sociaux
552081317,ELECTRICITE DE FRANCE,35.11Z,GE,Production d'électricité
552087835,BODEMER,64.20Z,ETI,Activités des sociétés holding
552088536,CEVA AIR & OCEAN INTERNATIONAL,52.29B,GE,Affrètement et organisation des transports
552091050,ALTAREIT,41.10A,GE,Promotion immobilière de logements
552091795,BRED BANQUE POPULAIRE,64.19Z,GE,Autres intermédiations monétaires
552096281,L'AIR LIQUIDE SOCIETE ANONYME POUR L'ETUDE ET L'EXPLOITATION DES PROCEDES GEORGES CLAUDE,78.30Z,GE,Autre mise à disposition de ressources humaines
552100554,PEUGEOT SA,70.10Z,,Activités des sièges sociaux
552111809,KEOLIS SA,70.10Z,GE,Activités des sièges sociaux
552115891,COFIROUTE,52.21Z,GE,Services auxiliaires des transports terrestres
552118465,COMPAGNIE IBM FRANCE,58.29C,GE,Edition de logiciels applicatifs
552119216,UNILEVER FRANCE,46.90Z,GE,Commerce de gros (commerce interentreprises) non spécialisé
552120222,SOCIETE GENERALE,64.19Z,GE,Autres intermédiations monétaires
552141533,IMMOBILIERE 3F,68.20A,GE,Location de logements
552142200,VALLOUREC,70.10Z,ETI,Activités des sièges sociaux
552144503,AUTOMOBILES PEUGEOT,45.11Z,GE,Commerce de voitures et de véhicules automobiles légers
552146854,VERSALIS FRANCE S.A.S.,20.14Z,GE,Fabrication d'autres produits chimiques organiques de base
554500199,TOTALENERGIES PROXI SUD EST,46.71Z,GE,Commerce de gros (commerce interentreprises) de combustibles et de produits annexes
554501171,"CASINO, GUICHARD-PERRACHON",64.20Z,GE,Activités des sociétés holding
557350253,B.S.A,70.10Z,GE,Activités des sièges sociaux
558500187,HOLDING SOPREMA,70.10Z,GE,Activités des sièges sociaux
558501912,ELECTRICITE DE STRASBOURG,70.10Z,GE,Activités des sièges sociaux
562008151,IMERYS,09.90Z,ETI,Activités de soutien aux autres industries extractives
562011742,BRISTOL MYERS SQUIBB,46.46Z,ETI,Commerce de gros (commerce interentreprises) de produits pharmaceutiques
562016774,SIEMENS S.A.S,26.30Z,GE,Fabrication d'équipements de communication
562024422,CMA CGM,50.20Z,GE,Transports maritimes et côtiers de fret
562033068,JANSSEN CILAG,46.46Z,GE,Commerce de gros (commerce interentreprises) de produits pharmaceutiques
562033175,ATELIERS VCA,32.12Z,GE,Fabrication d’articles de joaillerie et bijouterie
562033357,SCOR SE,65.20Z,GE,Réassurance
562038745,MONNOYEUR,70.10Z,GE,Activités des sièges sociaux
562038893,BAYER SAS,20.20Z,GE,Fabrication de pesticides et d’autres produits agrochimiques
562046151,SOVEN,46.71Z,GE,Commerce de gros (commerce interentreprises) de combustibles et de produits annexes
562050401,URBAINE DES PETROLES,46.71Z,GE,Commerce de gros (commerce interentreprises) de combustibles et de produits annexes
562053173,ATLANTIC SOC FRANCAISE DEVELOP THERMIQUE,46.43Z,GE,Commerce de gros (commerce interentreprises) d'appareils électroménagers
562082909,SAFRAN,70.10Z,GE,Activités des sièges sociaux
562091546,BOUYGUES IMMOBILIER,41.10A,GE,Promotion immobilière de logements
562094425,ARCELORMITTAL FRANCE,24.10Z,GE,Sidérurgie
562134544,SOLETANCHE FREYSSINET,70.10Z,GE,Activités des sièges sociaux
562136036,RAZEL-BEC,42.99Z,GE,Construction d'autres ouvrages de génie civil n.c.a.
568504161,SCHAEFFLER FRANCE,29.32Z,ETI,Fabrication d'autres équipements automobiles
570501551,ASTERA,64.20Z,GE,Activités des sociétés holding
572015246,BOUYGUES,70.10Z,GE,Activités des sièges sociaux
572025526,VEOLIA EAU - COMPAGNIE GENERALE DES EAUX,36.00Z,GE,"Captage, traitement et distribution d'eau"
572034361,CELINE,46.49Z,GE,Commerce de gros (commerce interentreprises) d'autres biens domestiques
572060333,MERSEN,70.10Z,ETI,Activités des sièges sociaux
572062594,GALERIES LAFAYETTE HAUSSMANN - GL HAUSSMANN,47.71Z,GE,Commerce de détail d'habillement en magasin spécialisé
572067684,ROBERT BOSCH FRANCE,29.32Z,GE,Fabrication d'autres équipements automobiles
572076396,HERMES INTERNATIONAL,70.10Z,GE,Activités des sièges sociaux
572093920,AXA,64.30Z,GE,Fonds de placement et entités financières similaires
572099695,CARGILL FRANCE,10.41A,GE,Fabrication d'huiles et graisses brutes
572119550,SUCRES ET DENREES,46.36Z,GE,"Commerce de gros (commerce interentreprises) de sucre, chocolat et confiserie"
572126043,ANTARGAZ,46.71Z,GE,Commerce de gros (commerce interentreprises) de combustibles et de produits annexes
572139996,AUTOROUTES DU SUD DE LA FRANCE,52.21Z,GE,Services auxiliaires des transports terrestres
572141885,DISTRIBUTION SANITAIRE CHAUFFAGE,46.74B,GE,Commerce de gros (commerce interentreprises) de fournitures pour la plomberie et le chauffage
572174035,WENDEL,70.22Z,GE,Conseil pour les affaires et autres conseils de gestion
572185684,CLUB MED,55.20Z,GE,Hébergement touristique et autre hébergement de courte durée
576850697,SOCIETE L.D.C.,70.10Z,GE,Activités des sièges sociaux
582041943,PERNOD RICARD,70.10Z,GE,Activités des sièges sociaux
582074944,ICADE,68.20B,GE,Location de terrains et d'autres biens immobiliers
582110987,CHRISTIAN DIOR,64.20Z,GE,Activités des sociétés holding
582137436,PHOENIX OCP,46.46Z,GE,Commerce de gros (commerce interentreprises) de produits pharmaceutiques
588505354,CAISSE FEDERALE DE CREDIT MUTUEL SOCIETE A MISSION (APPLICATION LOI PACTE),64.19Z,GE,Autres intermédiations monétaires
592045777,MOTIER,70.10Z,GE,Activités des sièges sociaux
596720201,PISSIER,46.21Z,PME,"Commerce de gros (commerce interentreprises) de céréales, de tabac non manufacturé, de semences et d'aliments pour le bétail"
596950139,SOC CENTRALE APPROVISION SUD OUEST,46.17A,ETI,Centrales d'achat alimentaires
599815073,AXENS,20.59Z,ETI,Fabrication d'autres produits chimiques n.c.a.
775577018,CREDIT MUTUEL ARKEA,64.19Z,GE,Autres intermédiations monétaires
775583248,MAISON JOHANES BOUBEE,46.34Z,GE,Commerce de gros (commerce interentreprises) de boissons
775614308,KRONENBOURG,46.34Z,ETI,Commerce de gros (commerce interentreprises) de boissons
775625767,FINANCIERE AGACHE,64.20Z,GE,Activités des sociétés holding
775633357,LIMAGRAIN,01.11Z,,"Culture de céréales (à l'exception du riz), de légumineuses et de graines oléagineuses"
775656143,LECUREUR,46.21Z,ETI,"Commerce de gros (commerce interentreprises) de céréales, de tabac non manufacturé, de semences et d'aliments pour le bétail"
775661390,FNAC DARTY PARTICIPATIONS ET SERVICES,46.19A,GE,Centrales d'achat non alimentaires
775662257,SANOFI WINTHROP INDUSTRIE,21.20Z,GE,Fabrication de préparations pharmaceutiques
775664873,BOUYGUES ENERGIES & SERVICES,43.21B,GE,Travaux d'installation électrique sur la voie publique
775668122,BALENCIAGA,46.42Z,GE,Commerce de gros (commerce interentreprises) d'habillement et de chaussures
775670284,HSBC CONTINENTAL EUROPE,64.19Z,GE,Autres intermédiations monétaires
775670417,LVMH MOET HENNESSY LOUIS VUITTON,70.10Z,GE,Activités des sièges sociaux
775675291,GROUPE SERVICES FRANCE,82.99Z,GE,Autres activités de soutien aux entreprises n.c.a.
775690191,UNION INVIVO,46.75Z,GE,Commerce de gros (commerce interentreprises) de produits chimiques
775690621,BUREAU VERITAS,71.20B,GE,"Analyses, essais et inspections techniques"
775701097,SOCIETE COOPERATIVE AGRICOLE NATUP,46.21Z,ETI,"Commerce de gros (commerce interentreprises) de céréales, de tabac non manufacturé, de semences et d'aliments pour le bétail"
775714991,CAVAC,46.21Z,ETI,"Commerce de gros (commerce interentreprises) de céréales, de tabac non manufacturé, de semences et d'aliments pour le bétail"
775715592,OCEALIA,46.21Z,ETI,"Commerce de gros (commerce interentreprises) de céréales, de tabac non manufacturé, de semences et d'aliments pour le bétail"
775726417,KPMG,69.20Z,GE,Activités comptables
775729155,IFP ENERGIES NOUVELLES,72.19Z,ETI,Recherche-développement en autres sciences physiques et naturelles
775784689,SOCIETE COOPERATIVE AGRICOLE ARTERRIS,46.21Z,ETI,"Commerce de gros (commerce interentreprises) de céréales, de tabac non manufacturé, de semences et d'aliments pour le bétail"
776221467,GROUPE BIGARD,10.11Z,GE,Transformation et conservation de la viande de boucherie
777347386,PICOTY,46.71Z,ETI,Commerce de gros (commerce interentreprises) de combustibles et de produits annexes
789169323,LES MOUSQUETAIRES,64.20Z,GE,Activités des sociétés holding
789791464,CEVA LOGISTICS GROUND & RAIL FRANCE,52.29B,GE,Affrètement et organisation des transports
789991221,SOCO 1,70.22Z,GE,Conseil pour les affaires et autres conseils de gestion
801795618,FINANCIERE MENDEL,64.20Z,ETI,Activités des sociétés holding
802525048,CASAVITA,70.10Z,,Activités des sièges sociaux
813979523,VIVALTO SANTE INVESTISSEMENT,64.20Z,GE,Activités des sociétés holding
835150434,CANAL+,59.11A,GE,Production de films et de programmes pour la télévision
850176967,ARTELIA GLOBAL,64.20Z,ETI,Activités des sociétés holding
850479718,ABN AMRO BANK NV,64.19Z,ETI,Autres intermédiations monétaires
884245408,MOBILUX CONFO,64.20Z,GE,Activités des sociétés holding
954503439,SCHNEIDER ELECTRIC INDUSTRIES SAS,46.69A,GE,Commerce de gros (commerce interentreprises) de matériel électrique
954506077,RENAULT TRUCKS,29.10Z,GE,Construction de véhicules automobiles
954509741,CREDIT LYONNAIS,64.19Z,GE,Autres intermédiations monétaires
955200928,ALTAIR,70.10Z,ETI,Activités des sièges sociaux
955500293,VALEO EQUIPEMENTS ELECTRIQUES MOTEUR,29.31Z,GE,Fabrication d'équipements électriques et électroniques automobiles
955501036,DESCOURS ET CABAUD SA,77.40Z,GE,"Location-bail de propriété intellectuelle et de produits similaires, à l'exception des œuvres soumises à copyright"
955512611,OPMOBILITY SE,70.10Z,ETI,Activités des sièges sociaux
957503931,MAGASINS GALERIES LAFAYETTE,47.71Z,GE,Commerce de détail d'habillement en magasin spécialisé
957520901,COMPAGNIE NATIONALE DU RHONE,35.11Z,GE,Production d'électricité
962227351,AUTODISTRIBUTION,45.31Z,GE,Commerce de gros d'équipements automobiles
964201123,INTERSPORT FRANCE,46.19A,ETI,Centrales d'achat non alimentaires
964201149,GROUPE INTERSPORT,46.19A,,Centrales d'achat non alimentaires
967505967,JTEKT EUROPE,29.32Z,ETI,Fabrication d'autres équipements automobiles
969202241,VIRIDIEN,70.10Z,ETI,Activités des sièges sociaux
969510940,ALUMINIUM PECHINEY,71.12B,,"Ingénierie, études techniques"
63802938,PANDROL RAILWELD,42.12Z,ETI,Construction de voies ferrées de surface et souterraines
85480796,LES LABORATOIRES SERVIER,21.20Z,GE,Fabrication de préparations pharmaceutiques
86120045,SOCIETE PRODUITS PETROLIERS STELA,46.71Z,,Commerce de gros (commerce interentreprises) de combustibles et de produits annexes
86280393,JOHN DEERE SAS,28.11Z,ETI,"Fabrication de moteurs et turbines, à l'exception des moteurs d’avions et de véhicules"
86380730,SOGECAP,65.11Z,GE,Assurance vie
95550356,EXEL INDUSTRIES,70.10Z,ETI,Activités des sièges sociaux
95720314,HEXAOM,41.10A,ETI,Promotion immobilière de logements
309645539,GXO LOGISTICS EUROPE,70.10Z,GE,Activités des sièges sociaux
310173968,SOCIETE ANONYME COOPERATIVE GIPHAR,46.46Z,ETI,Commerce de gros (commerce interentreprises) de produits pharmaceutiques
310879499,BOURBON CORPORATION,64.20Z,ETI,Activités des sociétés holding
311361489,JACQUET METALS,70.10Z,ETI,Activités des sièges sociaux
311473383,TF1 PUBLICITE,73.12Z,GE,Régie publicitaire de médias
324958198,TOTALENERGIES PROXI SUD OUEST,46.71Z,GE,Commerce de gros (commerce interentreprises) de combustibles et de produits annexes
325307106,COFIDIS,64.92Z,GE,Autre distribution de crédit
325366334,DISTRIDYN,46.12A,ETI,Centrales d'achat de carburant
325520450,ENTREMONT ALLIANCE,10.51C,GE,Fabrication de fromage
325720720,STAUBLI FAVERGES,28.99B,ETI,Fabrication d'autres machines spécialisées
325952182,SOCIETE D'INVESTISSEMENT TOURISTIQUE ET IMMOBILIER - S.I.T.I.,64.20Z,PME,Activités des sociétés holding
326118502,PIERRE FABRE MEDICAMENT,46.46Z,GE,Commerce de gros (commerce interentreprises) de produits pharmaceutiques
338228414,MOET HENNESSY,70.10Z,GE,Activités des sièges sociaux
338481955,SAFRAN HELICOPTER ENGINES,30.30Z,GE,Construction aéronautique et spatiale
351005582,SOCIETE EUROPEENNE DE VEHICULES LEGERS DU NORD - SEVEL NORD,29.10Z,GE,Construction de véhicules automobiles
351216759,TECHWOOD,29.20Z,GE,Fabrication de carrosseries et remorques
379914237,NORTH ATLANTIC RAFFINAGE,19.20Z,GE,Raffinage du pétrole
380110304,CONTINENTAL FRANCE,22.11Z,GE,Fabrication et rechapage de pneumatiques
380129866,ORANGE,61.10Z,GE,Télécommunications filaires
380404764,COOPERATIEVE RABOBANK U.A.,64.19Z,ETI,Autres intermédiations monétaires
380475293,BYMYCAR AUTOMOTIVE,64.20Z,GE,Activités des sociétés holding
380844175,UBIPHARM,64.20Z,ETI,Activités des sociétés holding
390072551,CIRCET,61.10Z,ETI,Télécommunications filaires
390742765,SOCIETE FINANCIERE DU STEIR,66.30Z,GE,Gestion de fonds
402423420,WMH PROJECT,73.11Z,ETI,Activités des agences de publicité
402737936,LACTALIS INGREDIENTS,46.33Z,GE,"Commerce de gros (commerce interentreprises) de produits laitiers, œufs, huiles et matières grasses comestibles"
402757751,LACTALIS FROMAGES,46.33Z,GE,"Commerce de gros (commerce interentreprises) de produits laitiers, œufs, huiles et matières grasses comestibles"
403210032,VEOLIA ENVIRONNEMENT,82.99Z,GE,Autres activités de soutien aux entreprises n.c.a.
403335904,SANOFI-AVENTIS FRANCE,46.46Z,GE,Commerce de gros (commerce interentreprises) de produits pharmaceutiques
403335938,SANOFI-AVENTIS GROUPE,70.10Z,GE,Activités des sièges sociaux
414969584,STMICROELECTRONICS ROUSSET SAS,26.11Z,GE,Fabrication de composants électroniques
414986216,VEOLIA WATER TECH,64.20Z,GE,Activités des sociétés holding
415550284,V. MANE FILS,20.53Z,ETI,Fabrication d'huiles essentielles
417350311,VIRBAC,21.20Z,ETI,Fabrication de préparations pharmaceutiques
417689395,AYVENS,70.10Z,GE,Activités des sièges sociaux
417890589,MSD FRANCE,46.46Z,GE,Commerce de gros (commerce interentreprises) de produits pharmaceutiques
428593230,NEXANS FRANCE,27.32Z,GE,Fabrication d'autres fils et câbles électroniques ou électriques
428611719,SOCIETE COOPERATIVE AGRICOLE ET AGRO-ALIMENTAIRE AGRIAL,46.90Z,GE,Commerce de gros (commerce interentreprises) non spécialisé
428616734,GRENKE LOCATION,77.33Z,ETI,Location et location-bail de machines de bureau et de matériel informatique
428706204,SANOFI CHIMIE,21.10Z,GE,Fabrication de produits pharmaceutiques de base
428760847,UNICREDIT,64.19Z,PME,Autres intermédiations monétaires
428764500,AREVA NP,70.10Z,,Activités des sièges sociaux
428766976,SOLVAY ENERGY SERVICES,35.23Z,ETI,Commerce de combustibles gazeux par conduites
428785042,AMAZON FRANCE LOGISTIQUE SAS,52.10B,GE,Entreposage et stockage non frigorifique
428891113,TOTALENERGIES PETROCHEMICALS FRANCE,20.14Z,GE,Fabrication d'autres produits chimiques organiques de base
429660863,CAUFFRIDIS EXPANSION,64.20Z,PME,Activités des sociétés holding
429707292,TERRENA,46.90Z,GE,Commerce de gros (commerce interentreprises) non spécialisé
442904629,BPM GROUP,70.10Z,ETI,Activités des sièges sociaux
442969705,AVANTIS ENGINEERING,71.12B,PME,"Ingénierie, études techniques"
443061841,GOOGLE FRANCE,62.02A,ETI,Conseil en systèmes et logiciels informatiques
443089990,NISSAN AUTOMOTIVE EUROPE,45.11Z,GE,Commerce de voitures et de véhicules automobiles légers
443716832,SYNGENTA FRANCE SA,72.11Z,ETI,Recherche-développement en biotechnologie
452847130,BONNEUIL EXPANSION,64.20Z,ETI,Activités des sociétés holding
453427940,LE GRAND REY,66.19A,ETI,Supports juridiques de gestion de patrimoine mobilier
453952681,NATIXIS INVESTMENT MANAGERS,70.10Z,GE,Activités des sièges sociaux
456500537,DALKIA,35.30Z,GE,Production et distribution de vapeur et d'air conditionné
456504851,CREDIT DU NORD,64.19Z,GE,Autres intermédiations monétaires
457503837,TOTALENERGIES PROXI NORD EST,46.71Z,GE,Commerce de gros (commerce interentreprises) de combustibles et de produits annexes
487080194,BENETEAU,70.10Z,ETI,Activités des sièges sociaux
487760761,GHELLA S.P.A.,42.13A,PME,Construction d'ouvrages d'art
488077165,PARTS HOLDING EUROPE,64.30Z,GE,Fonds de placement et entités financières similaires
502941479,GAZ DE BORDEAUX,35.23Z,ETI,Commerce de combustibles gazeux par conduites
503126161,FIDEIP,70.22Z,,Conseil pour les affaires et autres conseils de gestion
514080837,ITM LOGISTIQUE ALIMENTAIRE INTERNATIONAL,49.41B,GE,Transports routiers de fret de proximité
529220121,PROMOTHERMIS,64.20Z,ETI,Activités des sociétés holding
529221749,TOTALENERGIES RAFFINAGE FRANCE,19.20Z,GE,Raffinage du pétrole
529222879,ALTRAD INVESTMENT AUTHORITY,70.10Z,GE,Activités des sièges sociaux
529313652,COENTREPRISE DE TRANSPORT D'ELECTRICITE,64.20Z,GE,Activités des sociétés holding
601251614,BOLLORE ENERGY,46.71Z,GE,Commerce de gros (commerce interentreprises) de combustibles et de produits annexes
602025538,VOLKSWAGEN GROUP AUTOMOTIVE RETAIL FRANCE,45.11Z,GE,Commerce de voitures et de véhicules automobiles légers
602036444,ACCOR,70.10Z,GE,Activités des sièges sociaux
602060147,HACHETTE LIVRE,58.11Z,GE,Édition de livres
609849153,LILLY FRANCE,21.20Z,ETI,Fabrication de préparations pharmaceutiques
612035832,CHRISTIAN DIOR COUTURE,46.42Z,GE,Commerce de gros (commerce interentreprises) d'habillement et de chaussures
612039495,THALES AVS FRANCE SAS,26.51A,GE,Fabrication d'équipements d'aide à la navigation
622037083,RHODIA OPERATIONS,20.14Z,ETI,Fabrication d'autres produits chimiques organiques de base
622042422,YARA FRANCE,20.15Z,ETI,Fabrication de produits azotés et d'engrais
622044287,MERCEDES-BENZ FRANCE,45.11Z,GE,Commerce de voitures et de véhicules automobiles légers
622045383,GROUPE CRIT,64.30Z,GE,Fonds de placement et entités financières similaires
632012100,L'OREAL,77.40Z,GE,"Location-bail de propriété intellectuelle et de produits similaires, à l'exception des œuvres soumises à copyright"
632041042,COMPASS GROUP FRANCE,56.29A,GE,Restauration collective sous contrat
632045381,ERAMET,46.72Z,GE,Commerce de gros (commerce interentreprises) de minerais et métaux
632050019,SANEF,52.21Z,GE,Services auxiliaires des transports terrestres
637020819,SOC CENTRALE APPROVISIONNEMENT ARMORIQUE,46.17A,ETI,Centrales d'achat alimentaires
642007991,SOC COOPER GROUPEM ACHAT CENTRE LECLERC,46.17A,GE,Centrales d'achat alimentaires
642050199,AUTOMOBILES CITROEN,45.11Z,GE,Commerce de voitures et de véhicules automobiles légers
642880785,ETABLISSEMENTS J. SOUFFLET,70.10Z,GE,Activités des sièges sociaux
652014051,CARREFOUR,64.20Z,GE,Activités des sociétés holding
652031857,HEWLETT-PACKARD FRANCE,46.51Z,ETI,"Commerce de gros (commerce interentreprises) d'ordinateurs, d'équipements informatiques périphériques et de logiciels"
780094983,WOREX,46.71Z,GE,Commerce de gros (commerce interentreprises) de combustibles et de produits annexes
780129987,RENAULT SAS,29.10Z,GE,Construction de véhicules automobiles
780130175,SHELL FRANCE,46.71Z,GE,Commerce de gros (commerce interentreprises) de combustibles et de produits annexes
780152914,KLEPIERRE,68.20B,ETI,Location de terrains et d'autres biens immobiliers
780660437,COBEVIAL,46.23Z,ETI,Commerce de gros (commerce interentreprises) d'animaux vivants
791978133,DOMINGOS DA SILVA TEIXEIRA SA,41.20B,PME,Construction d'autres bâtiments
792870743,TEREOS COMMODITIES FRANCE,46.71Z,GE,Commerce de gros (commerce interentreprises) de combustibles et de produits annexes
803070333,HOMEVI,70.10Z,GE,Activités des sièges sociaux
803769827,FERRERO FRANCE COMMERCIALE,46.36Z,ETI,"Commerce de gros (commerce interentreprises) de sucre, chocolat et confiserie"
817439557,ORANO CHIMIE-ENRICHISSEMENT,20.13A,GE,Enrichissement et  retraitement de matières nucléaires
817439599,ORANO RECYCLAGE,20.13A,GE,Enrichissement et  retraitement de matières nucléaires
830015749,FINANCIERE COLISEE,70.22Z,GE,Conseil pour les affaires et autres conseils de gestion
830065363,INOVYN EUROPE LIMITED,20.59Z,ETI,Fabrication d'autres produits chimiques n.c.a.
840434740,CREDIT AGRICOLE-GROUP INFRASTRUCTURE PLATFORM,62.09Z,GE,Autres activités informatiques
840951230,YUNNAN PROVINCIAL ENERGY INVESTMENT GROUP,70.21Z,PME,Conseil en relations publiques et communication
854800745,AXIMA CONCEPT,43.22B,GE,Travaux d'installation d'équipements thermiques et de climatisation
855200507,MANUFACTURE FRANCAISE DES PNEUMATIQUES MICHELIN,70.10Z,GE,Activités des sièges sociaux
855200887,COMPAGNIE GENERALE DES ETABLISSEMENTS MICHELIN,77.40Z,GE,"Location-bail de propriété intellectuelle et de produits similaires, à l'exception des œuvres soumises à copyright"
856802400,TOTALENERGIES PROXI NORD OUEST,46.71Z,GE,Commerce de gros (commerce interentreprises) de combustibles et de produits annexes
857802508,MANITOU BF,28.22Z,GE,Fabrication de matériel de levage et de manutention
864500418,ARMORINE,46.71Z,ETI,Commerce de gros (commerce interentreprises) de combustibles et de produits annexes
867800427,SYSTEME U OUEST,46.17A,PME,Centrales d'achat alimentaires
876580077,LABORATOIRES DE BIOLOGIE VEGETALE YVES ROCHER,47.75Z,GE,Commerce de détail de parfumerie et de produits de beauté en magasin spécialisé
905620035,SOCIETE JAS HENNESSY & C°,11.01Z,GE,Production de boissons alcooliques distillées
907050462,VITERRA FRANCE S.A.S.,46.21Z,ETI,"Commerce de gros (commerce interentreprises) de céréales, de tabac non manufacturé, de semences et d'aliments pour le bétail"
907649842,MATERNE & ASSOCIES,69.10Z,PME,Activités juridiques
908223852,ROX INVEST SA,64.20Z,GE,Activités des sociétés holding
917755605,SAGEMCOM TOPCO,64.20Z,GE,Activités des sociétés holding
979666815,SEYDOUX FAMILY,64.20Z,ETI,Activités des sociétés holding
302475041,STELLANTIS &YOU FRANCE SAS,45.11Z,GE,Commerce de voitures et de véhicules automobiles légers
302519228,ROTHSCHILD & CO,70.10Z,ETI,Activités des sièges sociaux
302527700,CFM INTERNATIONAL,46.69B,ETI,Commerce de gros (commerce interentreprises) de fournitures et équipements industriels divers
302588462,SAIPEM SA,42.91Z,ETI,Construction d'ouvrages maritimes et fluviaux
302715966,VIVESCIA,46.21Z,GE,"Commerce de gros (commerce interentreprises) de céréales, de tabac non manufacturé, de semences et d'aliments pour le bétail"
303284269,APERAM STAINLESS EUROPE,46.12B,GE,"Autres intermédiaires du commerce en combustibles, métaux, minéraux et produits chimiques"
303628499,TEREOS SCA,46.21Z,GE,"Commerce de gros (commerce interentreprises) de céréales, de tabac non manufacturé, de semences et d'aliments pour le bétail"
303775027,TOTALENERGIES EP ANGOLA,64.20Z,GE,Activités des sociétés holding
304187701,CREDIT AGRICOLE CORPORATE AND INVESTMENT BANK,64.19Z,GE,Autres intermédiations monétaires
304515562,ARTS ET BOIS,29.20Z,GE,Fabrication de carrosseries et remorques
304555634,IPSOS,70.10Z,ETI,Activités des sièges sociaux
304602956,COOPERATIVE U,46.17A,GE,Centrales d'achat alimentaires
314093352,SARTORIUS STEDIM BIOTECH,68.32A,ETI,Administration d'immeubles et autres biens immobiliers
314119504,AIR LIQUIDE FRANCE INDUSTRIE,20.11Z,GE,Fabrication de gaz industriels
314222902,AMUNDI,64.30Z,GE,Fonds de placement et entités financières similaires
314685454,AGACHE,69.20Z,GE,Activités comptables
314722026,AUMOVIO FRANCE,72.19Z,GE,Recherche-développement en autres sciences physiques et naturelles
315013359,GE MEDICAL SYSTEMS,26.60Z,GE,"Fabrication d'équipements d'irradiation médicale, d'équipements électromédicaux et électrothérapeutiques"
315065292,LA FRANCAISE DES JEUX,92.00Z,GE,Organisation de jeux de hasard et d'argent
315107474,GROUPE CHANNEL POIDS LOURDS,45.11Z,ETI,Commerce de voitures et de véhicules automobiles légers
315281113,SOC D'IMPORTATION LECLERC,46.71Z,GE,Commerce de gros (commerce interentreprises) de combustibles et de produits annexes
327733184,MICROSOFT FRANCE,62.02A,GE,Conseil en systèmes et logiciels informatiques
328307335,PAROT AUTOMOTIVE SUD-OUEST,45.11Z,ETI,Commerce de voitures et de véhicules automobiles légers
328760145,VIEL ET COMPAGNIE-FINANCE,64.20Z,ETI,Activités des sociétés holding
343059564,SOCIETE FRANCAISE DU RADIOTELEPHONE - S.F.R,61.20Z,GE,Télécommunications sans fil
343088134,VINCI CONSTRUCTION GRANDS PROJETS,42.99Z,GE,Construction d'autres ouvrages de génie civil n.c.a.
343134763,VIVENDI SE,70.10Z,GE,Activités des sièges sociaux
343688016,COCA-COLA EUROPACIFIC PARTNERS FRANCE,11.07B,GE,Production de boissons rafraîchissantes
344097902,ALLERGAN INDUSTRIE,21.20Z,GE,Fabrication de préparations pharmaceutiques
344103270,KIABI EUROPE,47.71Z,GE,Commerce de détail d'habillement en magasin spécialisé
388698201,OCP REPARTITION,46.46Z,GE,Commerce de gros (commerce interentreprises) de produits pharmaceutiques
388734568,COMPUTACENTER FRANCE,46.51Z,ETI,"Commerce de gros (commerce interentreprises) d'ordinateurs, d'équipements informatiques périphériques et de logiciels"
389023870,TOTALENERGIES EP KAZAKHSTAN,06.10Z,GE,Extraction de pétrole brut
389058447,ALSTOM,70.10Z,GE,Activités des sièges sociaux
389191800,GRID SOLUTIONS,27.12Z,GE,Fabrication de matériel de distribution et de commande électrique
389191982,ALSTOM TRANSPORT SA,30.20Z,GE,Construction de locomotives et d'autre matériel ferroviaire roulant
389290586,LEGRAND SNC,46.69A,GE,Commerce de gros (commerce interentreprises) de matériel électrique
389422320,TOUTON,46.37Z,ETI,"Commerce de gros (commerce interentreprises) de café, thé, cacao et épices"
389505975,UNICREDIT BANK GMBH,64.19Z,PME,Autres intermédiations monétaires
389534256,ALCATEL SUBMARINE NETWORKS,42.22Z,GE,Construction de réseaux électriques et de télécommunications
400461950,SFR FIBRE SAS,61.10Z,GE,Télécommunications filaires
400628079,GROUPE INDUSTRIEL MARCEL DASSAULT,70.10Z,GE,Activités des sièges sociaux
419683818,IVECO FRANCE,45.19Z,GE,Commerce d'autres véhicules automobiles
419838529,IPSEN,70.10Z,GE,Activités des sièges sociaux
420410920,INFINEUM FRANCE,20.59Z,ETI,Fabrication d'autres produits chimiques n.c.a.
420495178,SOCIETE AIR FRANCE,51.10Z,GE,Transports aériens de passagers
420559056,TOYOTA MOTOR MANUFACTURING FRANCE,29.10Z,GE,Construction de véhicules automobiles
420624777,GROUPE CANAL+,61.30Z,GE,Télécommunications par satellite
420705444,GLOBAL AUTOMOTIVE LOGISTICS,64.20Z,ETI,Activités des sociétés holding
420916918,AIRBUS OPERATIONS,30.30Z,GE,Construction aéronautique et spatiale
431682764,SOFIRAM,64.20Z,ETI,Activités des sociétés holding
431934603,NOVALI,70.10Z,ETI,Activités des sièges sociaux
432345783,PROMETHEE GROUP,64.20Z,PME,Activités des sociétés holding
432413599,COFACE SA,64.20Z,ETI,Activités des sociétés holding
447250044,BONDUELLE,64.20Z,ETI,Activités des sociétés holding
447800475,CLARIANE,70.22Z,GE,Conseil pour les affaires et autres conseils de gestion
448139634,ASTRAZENECA DUNKERQUE PRODUCTION,21.20Z,GE,Fabrication de préparations pharmaceutiques
448694133,HP FRANCE SAS,46.51Z,ETI,"Commerce de gros (commerce interentreprises) d'ordinateurs, d'équipements informatiques périphériques et de logiciels"
481529410,ASTR'IN FINANCES ET MANAGEMENT,70.22Z,PME,Conseil pour les affaires et autres conseils de gestion
493254908,SMURFIT WESTROCK FRANCE,17.21A,GE,Fabrication de carton ondulé
493265284,COMPAGNIE D'EXPLOITATION ET DE REPARTITION PHARMACEUTIQUE,46.46Z,GE,Commerce de gros (commerce interentreprises) de produits pharmaceutiques
493322978,EDENRED,70.10Z,ETI,Activités des sièges sociaux
493378939,NOKIA NETWORKS FRANCE,46.52Z,GE,Commerce de gros (commerce interentreprises) de composants et d'équipements électroniques et de télécommunication
493455042,BPCE,64.19Z,GE,Autres intermédiations monétaires
493467591,SOCIETE VALMY DEFENSE 17 - SVD 17,35.23Z,GE,Commerce de combustibles gazeux par conduites
493789135,RCM,82.11Z,ETI,Services administratifs combinés de bureau
494321276,GROUPE KEOLIS SAS,70.10Z,GE,Activités des sièges sociaux
508513785,SOCOPA VIANDES,10.11Z,GE,Transformation et conservation de la viande de boucherie
509016804,JAGUAR LAND ROVER FRANCE,45.11Z,ETI,Commerce de voitures et de véhicules automobiles légers
509243564,HONDA MOTOR EUROPE LTD,45.40Z,ETI,Commerce et réparation de motocycles
509395109,ESSITY FRANCE,46.45Z,GE,Commerce de gros (commerce interentreprises) de parfumerie et de produits de beauté
509547675,J.P.J.S. SCA,64.20Z,GE,Activités des sociétés holding
509553459,M H C S,11.02A,GE,Fabrication de vins effervescents
522772029,CSKZ INVESTISSEMENTS,64.20Z,ETI,Activités des sociétés holding
523990430,CEREALES ET INVESTISSEMENTS,64.30Z,ETI,Fonds de placement et entités financières similaires
539641795,MAGELLAN,64.20Z,PME,Activités des sociétés holding
539673814,AIR EUROPA LINEAS AEREAS SA,51.10Z,PME,Transports aériens de passagers
539797936,BRUNO ROUSSET,64.20Z,ETI,Activités des sociétés holding
542005376,FORVIA,70.10Z,GE,Activités des sièges sociaux
542010053,NORTH ATLANTIC ENERGIES,19.20Z,GE,Raffinage du pétrole
542014428,NESTLE FRANCE,10.83Z,GE,Transformation du thé et du café
542016381,CREDIT INDUSTRIEL ET COMMERCIAL,64.19Z,GE,Autres intermédiations monétaires
542023841,FIVES,70.10Z,ETI,Activités des sièges sociaux
542034327,BP FRANCE,46.71Z,ETI,Commerce de gros (commerce interentreprises) de combustibles et de produits annexes
542038716,TOTALENERGIES MARKETING AFRIQUE,46.71Z,GE,Commerce de gros (commerce interentreprises) de combustibles et de produits annexes
542039532,COMPAGNIE DE SAINT-GOBAIN,70.10Z,GE,Activités des sièges sociaux
542044524,NATIXIS,64.92Z,GE,Autre distribution de crédit
542048574,SCHNEIDER ELECTRIC SE,64.20Z,GE,Activités des sociétés holding
542050315,CEVA LOGISTICS EUROPE,52.29B,GE,Affrètement et organisation des transports
542051180,TOTALENERGIES SE,70.10Z,GE,Activités des sièges sociaux
542052766,CHANEL,46.42Z,GE,Commerce de gros (commerce interentreprises) d'habillement et de chaussures
542065479,STELLANTIS AUTO SAS,29.10Z,GE,Construction de véhicules automobiles
542069158,BASF FRANCE SAS,46.75Z,GE,Commerce de gros (commerce interentreprises) de produits chimiques
542070958,LUBRIZOL FRANCE,20.59Z,ETI,Fabrication d'autres produits chimiques n.c.a.
542080601,PUBLICIS GROUPE S.A.,70.10Z,GE,Activités des sièges sociaux
542080791,ACTIA GROUP,64.20Z,ETI,Activités des sociétés holding
542086616,ETABLISSEMENTS DARTY ET FILS,46.19A,GE,Centrales d'achat non alimentaires
542088067,BEL,10.51C,GE,Fabrication de fromage
542094065,SOCIETE ANONYME DES GALERIES LAFAYETTE,70.10Z,GE,Activités des sièges sociaux
542095336,LAGARDERE TRAVEL RETAIL FRANCE,47.62Z,GE,Commerce de détail de journaux et papeterie en magasin spécialisé
542097522,CA CONSUMER FINANCE,64.19Z,GE,Autres intermédiations monétaires
542097902,BNP PARIBAS PERSONAL FINANCE,64.19Z,GE,Autres intermédiations monétaires
542107651,ENGIE,35.23Z,GE,Commerce de combustibles gazeux par conduites
542107800,OTIS,43.29B,GE,Autres travaux d'installation n.c.a.
778127613,AIRBUS ATLANTIC,30.30Z,GE,Construction aéronautique et spatiale
793906728,MAISONS DU MONDE,70.22Z,ETI,Conseil pour les affaires et autres conseils de gestion
794383844,LUFTHANSA TECHNIK AKTIENGESELLSCHAFT,33.16Z,PME,Réparation et maintenance d'aéronefs et d'engins spatiaux
809429053,ESTHER,64.20Z,ETI,Activités des sociétés holding
809450935,GAMA,70.10Z,ETI,Activités des sièges sociaux
809867948,ADOVA HOLDING,66.30Z,ETI,Gestion de fonds
810029413,JACOBS DOUWE EGBERTS FR SAS,10.83Z,GE,Transformation du thé et du café
822451597,FINANCIERE DU RIED,66.30Z,PME,Gestion de fonds
822650206,FINALAIN,70.10Z,ETI,Activités des sièges sociaux
823244371,AMAZON FRANCE TRANSPORT SAS,52.29B,GE,Affrètement et organisation des transports
833285877,GLOBAL LNG,66.12Z,GE,Courtage de valeurs mobilières et de marchandises
833372774,KAPLA HOLDING,64.20Z,ETI,Activités des sociétés holding
833977325,DEMATHIEU BARD HOLDING 4,64.20Z,ETI,Activités des sociétés holding
834042814,CONGO MARITIME SERVICES COMPANY,50.20Z,PME,Transports maritimes et côtiers de fret
834149403,NOVA ORSAY,64.30Z,ETI,Fonds de placement et entités financières similaires
843965559,MEAUXCAS,47.52B,GE,"Commerce de détail de quincaillerie, peintures et verres en grandes surfaces (400 m2et plus)"
843966722,BOBIGNYCASH,47.52B,GE,"Commerce de détail de quincaillerie, peintures et verres en grandes surfaces (400 m2et plus)"
844435883,TOTALENERGIES ONETECH,71.12B,GE,"Ingénierie, études techniques"
844436154,TOTALENERGIES EP UMM LULU SARB,06.10Z,GE,Extraction de pétrole brut
844646190,BOLLENECASH,47.52B,GE,"Commerce de détail de quincaillerie, peintures et verres en grandes surfaces (400 m2et plus)"
844687749,THALES DIS FRANCE SAS,26.11Z,GE,Fabrication de composants électroniques
844718551,OPELLA HEALTHCARE INTERNATIONAL SAS,46.46Z,GE,Commerce de gros (commerce interentreprises) de produits pharmaceutiques
844752089,CAR LOVERS HOLDING,64.20Z,ETI,Activités des sociétés holding
844789461,CONNEXIONS INVESTISSEMENT,64.20Z,GE,Activités des sociétés holding
881761555,DEVOTEAM GROUP,66.30Z,ETI,Gestion de fonds
899130116,DIOT - SIACI TOPCO,66.30Z,ETI,Gestion de fonds
973505357,FEDEX EXPRESS FR,52.29A,GE,"Messagerie, fret express"
320651649,GROUPE DUBREUIL,70.10Z,GE,Activités des sièges sociaux
321514002,MARTIN-BROWER FRANCE SAS,49.41A,ETI,Transports routiers de fret interurbains
333520591,AFRICA MOBILITY SOLUTIONS FRANCE,45.11Z,GE,Commerce de voitures et de véhicules automobiles légers
333583466,KUEHNE+NAGEL,52.10B,GE,Entreposage et stockage non frigorifique
333773174,VANTIVA,70.10Z,ETI,Activités des sièges sociaux
333834562,LYONDELL CHIMIE FRANCE,20.14Z,GE,Fabrication d'autres produits chimiques organiques de base
334175221,UNITED PARCEL SERVICE FRANCE SAS,52.29A,ETI,"Messagerie, fret express"
347384570,BOULANGER,47.54Z,GE,Commerce de détail d'appareils électroménagers en magasin spécialisé
347501413,ADVITAM PARTICIPATIONS,64.20Z,ETI,Activités des sociétés holding
347538043,AS 24,46.71Z,GE,Commerce de gros (commerce interentreprises) de combustibles et de produits annexes
347851800,BERI 21,71.12B,ETI,"Ingénierie, études techniques"
348119728,CRISTALCO,46.36Z,GE,"Commerce de gros (commerce interentreprises) de sucre, chocolat et confiserie"
348607417,ALTEN,62.02A,GE,Conseil en systèmes et logiciels informatiques
381511039,PEPSICO FRANCE,46.34Z,ETI,Commerce de gros (commerce interentreprises) de boissons
381634336,SOCIETE COOPERATIVE D'APPROVISIONNEMENT DE LA REGION DE L'ARTOIS SCAPARTOIS,46.17A,ETI,Centrales d'achat alimentaires
381904382,FINANCIERE SNOP-DUNOIS,70.10Z,ETI,Activités des sièges sociaux
382225050,INOXA,46.75Z,ETI,Commerce de gros (commerce interentreprises) de produits chimiques
382231801,ALLIANZ AFRICA,66.30Z,GE,Gestion de fonds
382296747,SOC DE PARTICIPATION DEAUVILLAISE,64.20Z,GE,Activités des sociétés holding
393068077,CHANEL COORDINATION,46.42Z,GE,Commerce de gros (commerce interentreprises) d'habillement et de chaussures
393162433,FAURECIA SIEGES D'AUTOMOBILE,29.32Z,GE,Fabrication d'autres équipements automobiles
393341516,AIRBUS DEFENCE AND SPACE SAS,30.30Z,GE,Construction aéronautique et spatiale
393525852,NEXANS,70.10Z,GE,Activités des sièges sociaux
413935776,ARCELORMITTAL CENTRES DE SERVICES,46.72Z,GE,Commerce de gros (commerce interentreprises) de minerais et métaux
413957804,GROUPE SECHE,70.10Z,ETI,Activités des sièges sociaux
414668194,PEUGEOT CITROEN SOCHAUX SNC,29.10Z,GE,Construction de véhicules automobiles
414713495,PEUGEOT CITROEN RENNES SNC,29.10Z,GE,Construction de véhicules automobiles
414713503,PEUGEOT CITROEN MULHOUSE SNC,29.10Z,GE,Construction de véhicules automobiles
414724864,ASN HOLDING,66.30Z,GE,Gestion de fonds
414725101,THALES ALENIA SPACE FRANCE,30.30Z,GE,Construction aéronautique et spatiale
414815217,SAFRAN AIRCRAFT ENGINES,30.30Z,GE,Construction aéronautique et spatiale
414819409,CONFORAMA FRANCE,47.59A,GE,Commerce de détail de meubles
414842062,HEINEKEN ENTREPRISE,11.05Z,GE,Fabrication de bière
421100645,LA BANQUE POSTALE,64.19Z,GE,Autres intermédiations monétaires
421106709,SCHNEIDER ELECTRIC FRANCE,27.12Z,GE,Fabrication de matériel de distribution et de commande électrique
421174038,ARCELORMITTAL MEDITERRANEE,24.10Z,GE,Sidérurgie
421199274,SOCIETE INVESTISSEMENT DECONINCK,70.10Z,ETI,Activités des sièges sociaux
421206079,ADEO SERVICES,46.15Z,GE,"Intermédiaires du commerce en meubles, articles de ménage et quincaillerie"
421218132,ALLIANCE HEALTHCARE REPARTITION,46.46Z,GE,Commerce de gros (commerce interentreprises) de produits pharmaceutiques
421259615,LEGRAND,70.10Z,GE,Activités des sièges sociaux
421266271,GROUPE SEB EXPORT,46.43Z,GE,Commerce de gros (commerce interentreprises) d'appareils électroménagers
421343369,CRISTAL UNION,10.81Z,GE,Fabrication de sucre
421938861,FREE,61.10Z,GE,Télécommunications filaires
422251934,SINERGY,46.12A,ETI,Centrales d'achat de carburant
439067612,CHANTIERS DE L'ATLANTIQUE,30.11Z,GE,Construction de navires et de structures flottantes
439289265,ARAMIS,45.11Z,GE,Commerce de voitures et de véhicules automobiles légers
439418922,ID LOGISTICS GROUP,70.22Z,GE,Conseil pour les affaires et autres conseils de gestion
439436569,ADISSEO FRANCE S.A.S.,20.14Z,GE,Fabrication d'autres produits chimiques organiques de base
439769654,ESSILOR INTERNATIONAL,32.50B,GE,Fabrication de lunettes
439793811,EG RETAIL (FRANCE) SAS,47.30Z,ETI,Commerce de détail de carburants en magasin spécialisé
451479208,GE WIND FRANCE SAS,28.11Z,GE,"Fabrication de moteurs et turbines, à l'exception des moteurs d’avions et de véhicules"
451489165,ESOMET,46.11Z,,"Intermédiaires du commerce en matières premières agricoles, animaux vivants, matières premières textiles et produits semi-finis"
451647903,BRICO DEPOT,47.52B,GE,"Commerce de détail de quincaillerie, peintures et verres en grandes surfaces (400 m2et plus)"
451678973,CASTORAMA FRANCE,47.52B,GE,"Commerce de détail de quincaillerie, peintures et verres en grandes surfaces (400 m2et plus)"
451746077,CREDIT AGRICOLE ASSURANCES,70.10Z,GE,Activités des sièges sociaux
452228596,FM LOGISTIC CORPORATE,70.10Z,ETI,Activités des sièges sociaux
452532856,ITM ALIMENTAIRE REGION PARISIENNE,46.17A,GE,Centrales d'achat alimentaires
452534126,ITM ALIMENTAIRE CENTRE EST,46.17A,GE,Centrales d'achat alimentaires
452534241,ITM ALIMENTAIRE CENTRE OUEST,46.17A,GE,Centrales d'achat alimentaires
452534340,ITM ALIMENTAIRE EST,46.17A,GE,Centrales d'achat alimentaires
452534415,ITM ALIMENTAIRE OUEST,46.17A,GE,Centrales d'achat alimentaires
452534472,ITM ALIMENTAIRE NORD,46.17A,GE,Centrales d'achat alimentaires
452534621,ITM ALIMENTAIRE SUD EST,46.17A,GE,Centrales d'achat alimentaires
452539679,ITM ALIMENTAIRE SUD OUEST,46.17A,GE,Centrales d'achat alimentaires
494887854,MARS WRIGLEY CONFECTIONERY FRANCE,10.82Z,GE,"Fabrication de cacao, chocolat et de produits de confiserie"
495137077,HOLDING D'INFRASTRUCTURES DES METIERS DE L'ENVIRONNEMENT,64.20Z,GE,Activités des sociétés holding
495361602,LOGISTA FRANCE,46.35Z,GE,Commerce de gros (commerce interentreprises) de produits à base de tabac
495780348,COOPERATIVE D'EXPLOITATION ET DE REPARTITION PHARMACEUTIQUE DE BRETAGNE ATLANTIQUE,46.46Z,ETI,Commerce de gros (commerce interentreprises) de produits pharmaceutiques
496680018,KERMENE,10.11Z,GE,Transformation et conservation de la viande de boucherie
497658377,FINANCIERE GAILLON 8,64.20Z,,Activités des sociétés holding
510899909,ACTUAL GROUP,70.10Z,GE,Activités des sièges sociaux
524335262,TESLA FRANCE,45.11Z,ETI,Commerce de voitures et de véhicules automobiles légers
537709453,MOLDINO TOOL ENGINEERING EUROPE GMBH,47.52A,PME,"Commerce de détail de quincaillerie, peintures et verres en petites surfaces (moins de 400 m2)"
538695040,KEM ONE,20.16Z,ETI,Fabrication de matières plastiques de base
753308238,ACTION FRANCE,47.19B,GE,Autres commerces de détail en magasin non spécialisé
758501001,LEGRAND FRANCE,27.33Z,GE,Fabrication de matériel d'installation électrique
759200934,SOREAL,46.21Z,PME,"Commerce de gros (commerce interentreprises) de céréales, de tabac non manufacturé, de semences et d'aliments pour le bétail"
769800202,HEPPNER SOCIETE DE TRANSPORTS,52.29B,ETI,Affrètement et organisation des transports
790858294,PRIMARK FRANCE SAS,47.71Z,ETI,Commerce de détail d'habillement en magasin spécialisé
790883144,MC2 PHARMA,70.22Z,,Conseil pour les affaires et autres conseils de gestion
790893358,BAMEO,35.11Z,PME,Production d'électricité
807641360,CONSTELLIUM NEUF BRISACH,24.42Z,GE,Métallurgie de l'aluminium
807976527,ASCOM INVEST,64.20Z,GE,Activités des sociétés holding
808234801,MONDELEZ FRANCE SAS,46.36Z,GE,"Commerce de gros (commerce interentreprises) de sucre, chocolat et confiserie"
808332670,SNCF,49.10Z,,Transport ferroviaire interurbain de voyageurs
808448757,SOCIETE BRETONNE DE VOLAILLE,46.32C,GE,Commerce de gros (commerce interentreprises) de volailles et gibier
808636849,CERTAS ENERGY FRANCE,47.30Z,GE,Commerce de détail de carburants en magasin spécialisé
823619804,SIEMENS GAMESA RENEWABLE ENERGY S.A.S.,33.20B,ETI,Installation de machines et équipements mécaniques
823969613,ALGEMENE ELECTRISCHE ONDERNEMINGEN KAMIEL VERSTRAETE,43.21A,PME,Travaux d'installation électrique dans tous locaux
824484653,SONEPAR FRANCE DISTRIBUTION,46.69A,GE,Commerce de gros (commerce interentreprises) de matériel électrique
824515019,CARGLASS SERVICES,45.32Z,GE,Commerce de détail d'équipements automobiles
824538557,ACTION LOGEMENT IMMOBILIER,66.30Z,GE,Gestion de fonds
824543490,AGREGIO SOLUTIONS,46.19B,GE,Autres intermédiaires du commerce en produits divers
850826728,CASPER TOPCO,70.10Z,ETI,Activités des sièges sociaux
850888850,SAGEMCOM GROUP,64.20Z,GE,Activités des sociétés holding
882938616,EURIS HOLDING,66.30Z,GE,Gestion de fonds
883713737,FRANKLIN TEMPLETON INTERNATIONAL SERVICES S.A.R.L,66.30Z,PME,Gestion de fonds
900217753,SUEZ HOLDING,66.30Z,GE,Gestion de fonds
901283754,HOLDAPAVE,70.10Z,GE,Activités des sièges sociaux
901327379,CIRCET HOLDING,66.30Z,ETI,Gestion de fonds
922245931,AMPERE SAS,66.30Z,GE,Gestion de fonds
922420963,DELTA,82.11Z,ETI,Services administratifs combinés de bureau
951685908,VICTAULIC  EUROPE BV,46.90Z,PME,Commerce de gros (commerce interentreprises) non spécialisé
999990005,STEF,68.20B,GE,Location de terrains et d'autres biens immobiliers
317218758,WORLDLINE IGSA,70.10Z,ETI,Activités des sièges sociaux
317358380,AGCO S.A.S.,28.30Z,ETI,Fabrication de machines agricoles et forestières
318516457,ARIANESPACE,51.22Z,GE,Transports spatiaux
318571064,LOUIS VUITTON MALLETIER,46.49Z,GE,Commerce de gros (commerce interentreprises) d'autres biens domestiques
326300159,TELEVISION FRANCAISE 1,60.20A,GE,Edition de chaînes généralistes
326720471,DUPESSEY HOLDING,46.76Z,ETI,Commerce de gros (commerce interentreprises) d'autres produits intermédiaires
326820065,SOPRA STERIA GROUP,62.02A,GE,Conseil en systèmes et logiciels informatiques
339012452,METROPOLE TELEVISION,60.20A,GE,Edition de chaînes généralistes
339379984,SAUR,36.00Z,GE,"Captage, traitement et distribution d'eau"
339993164,START PEOPLE,70.10Z,ETI,Activités des sièges sociaux
355801929,BANQUE FEDERATIVE DU CREDIT MUTUEL,64.19Z,GE,Autres intermédiations monétaires
356000000,LA POSTE,53.10Z,GE,Activités de poste dans le cadre d'une obligation de service universel
357200054,ROQUETTE FRERES,10.62Z,GE,Fabrication de produits amylacés
358200913,GROUPE ADEO,70.10Z,GE,Activités des sièges sociaux
364800060,COVIVIO,68.20B,ETI,Location de terrains et d'autres biens immobiliers
369200167,FRANCAISE DE MECANIQUE,29.10Z,GE,Construction de véhicules automobiles
377913728,VILMORIN & CIE,70.10Z,GE,Activités des sièges sociaux
377994553,APRIL,70.10Z,ETI,Activités des sièges sociaux
378168470,MBDA FRANCE,25.40Z,GE,Fabrication d'armes et de munitions
378176291,COFIDIS GROUP,64.20Z,GE,Activités des sociétés holding
378291504,CARAVANES LA MANCELLE,29.20Z,GE,Fabrication de carrosseries et remorques
393712286,SEPHORA,47.75Z,GE,Commerce de détail de parfumerie et de produits de beauté en magasin spécialisé
394400121,BASELL POLYOLEFINES FRANCE,20.16Z,GE,Fabrication de matières plastiques de base
394583678,NESTLE PURINA PETCARE COMMERCIAL OPERATIONS FRANCE OU NPPCOF,46.38B,GE,Commerce de gros (commerce interentreprises) alimentaire spécialisé divers
412280737,SNCF RESEAU,52.21Z,GE,Services auxiliaires des transports terrestres
412329898,SPIE BELGIUM,42.11Z,,Construction de routes et autoroutes
412399792,COOKSON METAUX PRECIEUX,46.48Z,ETI,Commerce de gros (commerce interentreprises) d'articles d'horlogerie et de bijouterie
412824682,FORACO INTERNATIONAL,64.20Z,PME,Activités des sociétés holding
425127362,FMC AUTOMOBILES,45.11Z,ETI,Commerce de voitures et de véhicules automobiles légers
425920352,ANCIENS ETS G.SCHIEVER ET FILS,70.10Z,ETI,Activités des sièges sociaux
428096796,FIMAS,64.20Z,ETI,Activités des sociétés holding
428240287,CARREFOUR SUPPLY CHAIN,52.10B,GE,Entreposage et stockage non frigorifique
428264915,H GCC,70.10Z,ETI,Activités des sièges sociaux
428268023,DISTRIBUTION CASINO FRANCE,47.11F,GE,Hypermarchés
440055861,SPIE BUILDING SOLUTIONS,43.21A,GE,Travaux d'installation électrique dans tous locaux
440117620,NATRAN,49.50Z,GE,Transports par conduites
440191336,ALPIQ ENERGIE FRANCE SAS,35.14Z,ETI,Commerce d'électricité
440252666,SOCIETE D'ENRICHISSEMENT DU TRICASTIN,20.13A,GE,Enrichissement et  retraitement de matières nucléaires
440283752,CSF,46.39B,GE,Commerce de gros (commerce interentreprises) alimentaire non spécialisé
440294510,SAGEMCOM BROADBAND SAS,46.52Z,GE,Commerce de gros (commerce interentreprises) de composants et d'équipements électroniques et de télécommunication
440410637,GROUPE SEB FRANCE,46.49Z,GE,Commerce de gros (commerce interentreprises) d'autres biens domestiques
440674364,SWISS INTERNATIONAL AIR LINES SA,51.10Z,PME,Transports aériens de passagers
440726289,GRANT THORNTON & ASSOCIES,69.20Z,ETI,Activités comptables
440849016,SAS VESTAS FRANCE,46.69A,ETI,Commerce de gros (commerce interentreprises) de matériel électrique
440919777,PFL,64.20Z,ETI,Activités des sociétés holding
441133808,NAVAL GROUP,30.11Z,GE,Construction de navires et de structures flottantes
478548449,MFC PROU-INVESTISSEMENT,64.20Z,ETI,Activités des sociétés holding
478711161,SPIE BATIGNOLLES,70.10Z,GE,Activités des sièges sociaux
478725625,GIFI MAG,47.19B,GE,Autres commerces de détail en magasin non spécialisé
478921612,KPMG ASSOCIES,66.30Z,GE,Gestion de fonds
479054033,A R FINANCE,66.22Z,,Activités des agents et courtiers d'assurances
479162695,VALEO ELECTRIFICATION,29.31Z,GE,Fabrication d'équipements électriques et électroniques automobiles
479463044,NESTLE WATERS MARKETING & DISTRIBUTION,46.34Z,GE,Commerce de gros (commerce interentreprises) de boissons
479539447,SODIMAX EXPLOITATION,70.10Z,ETI,Activités des sièges sociaux
479697476,AUTOMOTIVE PARTS AND SERVICES GROUP,70.10Z,ETI,Activités des sièges sociaux
479766842,CAPGEMINI TECHNOLOGY SERVICES,62.02A,GE,Conseil en systèmes et logiciels informatiques
479890048,QORVO UK LIMITED,62.01Z,PME,Programmation informatique
488862368,GSE,71.12B,ETI,"Ingénierie, études techniques"
489099903,EUROPCAR MOBILITY GROUP,70.10Z,GE,Activités des sièges sociaux
489179713,KUWAIT PETROLEUM AVIATION FRANCE SAS,46.71Z,ETI,Commerce de gros (commerce interentreprises) de combustibles et de produits annexes
489504332,ONET SA,70.10Z,GE,Activités des sièges sociaux
489967687,EDF PRODUCTION ELECTRIQUE INSULAIRE SAS,35.11Z,GE,Production d'électricité
490122975,BASELL SALES AND MARKETING COMPANY BV,46.12B,GE,"Autres intermédiaires du commerce en combustibles, métaux, minéraux et produits chimiques"
501193171,ES ENERGIES STRASBOURG,35.14Z,GE,Commerce d'électricité
501428437,AGCO DISTRIBUTION S.A.S.,46.61Z,ETI,Commerce de gros (commerce interentreprises) de matériel agricole
501493605,ORANO MINING,46.72Z,GE,Commerce de gros (commerce interentreprises) de minerais et métaux
501651616,APERAM STAINLESS FRANCE,24.10Z,GE,Sidérurgie
501706170,GAZELENERGIE SOLUTIONS,35.13Z,GE,Distribution d'électricité
517635009,TOTALENERGIES GLNG AUSTRALIA,09.10Z,GE,Activités de soutien à l'extraction d'hydrocarbures
518495353,COMCAST INTERNATIONAL FRANCE SAS,62.01Z,ETI,Programmation informatique
532991429,DEMATHIEU & BARD INVESTISSEMENT,64.20Z,,Activités des sociétés holding
533023362,DEMATHIEU & BARD GROUPE,64.20Z,,Activités des sociétés holding
533247979,TEREOS FRANCE,10.81Z,GE,Fabrication de sucre
533837142,SAINT JUDIST EXPANSION,64.20Z,ETI,Activités des sociétés holding
533960407,IDEMIA GROUP,70.10Z,GE,Activités des sièges sociaux
786920306,CORA,47.11F,GE,Hypermarchés
788593218,MGTS CONCEPTION,71.12B,GE,"Ingénierie, études techniques"
800437410,POMPAC DEVELOPPEMENT,66.30Z,GE,Gestion de fonds
800552572,ICELANDAIR EHF.,51.10Z,PME,Transports aériens de passagers
800622862,ALTRAD PARTICIPATIONS,64.20Z,GE,Activités des sociétés holding
801076134,SOUFFLET NEGOCE BY INVIVO,46.21Z,GE,"Commerce de gros (commerce interentreprises) de céréales, de tabac non manufacturé, de semences et d'aliments pour le bétail"
801720533,FINANCIERE TOP MENDEL,82.99Z,ETI,Autres activités de soutien aux entreprises n.c.a.
801720541,FINANCIERE DARWIN I,82.99Z,,Autres activités de soutien aux entreprises n.c.a.
814811592,NOVARES GROUP,70.22Z,ETI,Conseil pour les affaires et autres conseils de gestion
814868550,FAMILLE C,70.10Z,ETI,Activités des sièges sociaux
815154851,EURIAL LAIT,46.33Z,GE,"Commerce de gros (commerce interentreprises) de produits laitiers, œufs, huiles et matières grasses comestibles"
815232848,POLYTECHNYL,20.16Z,ETI,Fabrication de matières plastiques de base
828311415,ZF INVEST,70.10Z,GE,Activités des sièges sociaux
828487975,ZF BIDCO,66.30Z,GE,Gestion de fonds
842837080,BARCLAYS BANK IRELAND PLC,64.19Z,ETI,Autres intermédiations monétaires
843626227,FLUOR CONSULTANT BV,46.90Z,PME,Commerce de gros (commerce interentreprises) non spécialisé
843655549,NETFLIX SERVICES FRANCE S.A.S.,60.20B,ETI,Edition de chaînes thématiques
902925288,RENAULT ELECTRICITY,29.10Z,GE,Construction de véhicules automobiles
903199800,VIVALTO SANTE 3,66.30Z,GE,Gestion de fonds
920350477,MANUTAN HOLDING,64.20Z,ETI,Activités des sociétés holding
946051018,SYSTEME U EST,78.30Z,PME,Autre mise à disposition de ressources humaines
982640146,TOTALENERGIES EP WAHA,09.10Z,GE,Activités de soutien à l'extraction d'hydrocarbures
7080021,SOCIETE COOPERATIVE D'APPROVISIONNEMENT DE L'OUEST,46.17A,ETI,Centrales d'achat alimentaires
16250029,APRR,52.21Z,GE,Services auxiliaires des transports terrestres
36510865,SOMDIA,46.21Z,GE,"Commerce de gros (commerce interentreprises) de céréales, de tabac non manufacturé, de semences et d'aliments pour le bétail"
54500574,RALLYE,70.10Z,GE,Activités des sièges sociaux
54807284,COMPAGNIE DAHER,70.10Z,GE,Activités des sièges sociaux
55800296,FNAC DARTY,70.10Z,GE,Activités des sièges sociaux
55804124,BOLLORE SE,22.21Z,GE,"Fabrication de plaques, feuilles, tubes et profilés en matières plastiques"
55812440,BELLON,70.10Z,GE,Activités des sièges sociaux
56501711,BECTON DICKINSON FRANCE,32.50A,GE,Fabrication de matériel médico-chirurgical et dentaire
56502248,SAMSE,46.73A,GE,Commerce de gros (commerce interentreprises) de bois et de matériaux de construction
56800659,SNEF,43.21A,GE,Travaux d'installation électrique dans tous locaux
56801046,COMPAGNIE DE L'ODET,64.20Z,GE,Activités des sociétés holding
57505539,VICAT,23.51Z,ETI,Fabrication de ciment
318919065,MAN TRUCK & BUS FRANCE,45.19Z,GE,Commerce d'autres véhicules automobiles
319137576,PIERRE FABRE DERMO-COSMETIQUE,20.42Z,GE,Fabrication de parfums et de produits pour la toilette
319159877,THALES LAS FRANCE SAS,26.51A,GE,Fabrication d'équipements d'aide à la navigation
319267134,JC DECAUX HOLDING,70.10Z,ETI,Activités des sièges sociaux
319378832,BNP PARIBAS ASSET MANAGEMENT EUROPE,66.30Z,GE,Gestion de fonds
319493953,COOPERATIVE D'APPROVISIONNEMENT NORMANDE,46.17A,ETI,Centrales d'achat alimentaires
319632790,ARKEMA FRANCE,20.14Z,GE,Fabrication d'autres produits chimiques organiques de base
319851408,SOCIETE VEHICULES AUTOMOBILES BATILLY,29.10Z,GE,Construction de véhicules automobiles
320252489,BPIFRANCE,64.92Z,GE,Autre distribution de crédit
320353576,PEUGEOT CITROEN POISSY SNC,29.10Z,GE,Construction de véhicules automobiles
320366446,LAGARDERE SA,70.10Z,GE,Activités des sièges sociaux
329035422,YAMAHA MOTOR MANUFACTURING EUROPE,30.91Z,ETI,Fabrication de motocycles
329211734,SOCIETE D'EDITION DE CANAL PLUS,60.20A,GE,Edition de chaînes généralistes
329338883,COLAS FRANCE,42.11Z,GE,Construction de routes et autoroutes
329764625,CLARANOVA S.E.,70.10Z,PME,Activités des sièges sociaux
329892368,DIAC LOCATION,77.11B,GE,Location de longue durée de voitures et de véhicules automobiles légers
329925010,SYNERGIE,78.20Z,ETI,Activités des agences de travail temporaire
330139403,GOODYEAR FRANCE,45.31Z,ETI,Commerce de gros d'équipements automobiles
341737062,CNP ASSURANCES,65.11Z,GE,Assurance vie
341984839,EMIL FREY HOLDING FRANCE,64.20Z,GE,Activités des sociétés holding
342021458,CAT.SA,66.22Z,GE,Activités des agents et courtiers d'assurances
342252400,EXEL,64.20Z,ETI,Activités des sociétés holding
342376332,ILIAD,82.99Z,GE,Autres activités de soutien aux entreprises n.c.a.
342439320,OPEL FRANCE,45.11Z,GE,Commerce de voitures et de véhicules automobiles légers
342547361,YVES SAINT LAURENT,74.10Z,GE,Activités spécialisées de design
351528229,DELL.,46.51Z,GE,"Commerce de gros (commerce interentreprises) d'ordinateurs, d'équipements informatiques périphériques et de logiciels"
351571757,GL EVENTS,70.10Z,ETI,Activités des sièges sociaux
351572888,SODIAAL UNION,46.33Z,GE,"Commerce de gros (commerce interentreprises) de produits laitiers, œufs, huiles et matières grasses comestibles"
351745724,MEUBLES IKEA FRANCE,47.59A,GE,Commerce de détail de meubles
351808449,EDEN AUTO,70.22Z,ETI,Conseil pour les affaires et autres conseils de gestion
351867692,TEMSYS,77.11B,GE,Location de longue durée de voitures et de véhicules automobiles légers
352014955,CANDIA,10.51A,GE,Fabrication de lait liquide et de produits frais
352050512,SAFRAN NACELLES,30.30Z,GE,Construction aéronautique et spatiale
352170013,NORTH ATLANTIC CHEMICAL,20.16Z,GE,Fabrication de matières plastiques de base
352256424,ARVAL SERVICE LEASE,77.11B,GE,Location de longue durée de voitures et de véhicules automobiles légers
352383715,AIRBUS HELICOPTERS,30.30Z,GE,Construction aéronautique et spatiale
352463574,MARTIN BELAYSOUD EXPANSION,70.10Z,ETI,Activités des sièges sociaux
352474274,FAMILLE FAIVELEY PARTICIPATIONS,70.10Z,,Activités des sièges sociaux
383850278,EURO DISNEY VACANCES SAS,79.12Z,GE,Activités des voyagistes
383915295,KIA FRANCE,45.11Z,ETI,Commerce de voitures et de véhicules automobiles légers
383960135,CHRONOPOST,53.20Z,GE,Autres activités de poste et de courrier
383986874,COOPERL ARC ATLANTIQUE,10.11Z,GE,Transformation et conservation de la viande de boucherie
384006029,CAISSE D'EPARGNE ET DE PREVOYANCE DE RHONE ALPES,64.19Z,GE,Autres intermédiations monétaires
384169926,ARROW ECS,46.51Z,ETI,"Commerce de gros (commerce interentreprises) d'ordinateurs, d'équipements informatiques périphériques et de logiciels"
384174348,FREELANCE.COM,62.02A,ETI,Conseil en systèmes et logiciels informatiques
384500229,FINANSOD,70.22Z,ETI,Conseil pour les affaires et autres conseils de gestion
384560942,LEROY MERLIN FRANCE,47.52B,GE,"Commerce de détail de quincaillerie, peintures et verres en grandes surfaces (400 m2et plus)"
384711909,SOITEC,26.11Z,ETI,Fabrication de composants électroniques
384783239,MARSEILLAN,64.20Z,GE,Activités des sociétés holding
384846432,DISTRIBUTION LEADER PRICE SNC,46.17A,GE,Centrales d'achat alimentaires
385006234,PRO A PRO,46.39B,GE,Commerce de gros (commerce interentreprises) alimentaire non spécialisé
385110234,SOCIETE COOPERATIVE AGRICOLE UNEAL,46.21Z,ETI,"Commerce de gros (commerce interentreprises) de céréales, de tabac non manufacturé, de semences et d'aliments pour le bétail"
385123161,ORTEC EXPANSION,64.20Z,GE,Activités des sociétés holding
395006398,COUTIER DEVELOPPEMENT,70.10Z,ETI,Activités des sièges sociaux
395030844,SANOFI,70.10Z,GE,Activités des sièges sociaux
397471822,EURO DISNEY ASSOCIES SAS,93.21Z,GE,Activités des parcs d'attractions et parcs à thèmes
397479635,ETABLISSEMENTS THEVENIN & DUCROT,64.20Z,ETI,Activités des sociétés holding
397480930,BOUYGUES TELECOM,61.20Z,GE,Télécommunications sans fil
397971334,TOSHIBA EUROPE GMBH,46.51Z,PME,"Commerce de gros (commerce interentreprises) d'ordinateurs, d'équipements informatiques périphériques et de logiciels"
398138545,INETUM MODERNISATION SOLUTIONS,62.02A,GE,Conseil en systèmes et logiciels informatiques
404494387,LE PARADIS DU FRUIT,56.10C,,Restauration de type rapide
404495566,AMARI METAL FRANCE,64.20Z,ETI,Activités des sociétés holding
419339965,KBC BANK,64.19Z,PME,Autres intermédiations monétaires
432766947,FRANCE TELEVISIONS,60.20A,GE,Edition de chaînes généralistes
433082476,AGARIK SAS,63.11Z,GE,"Traitement de données, hébergement et activités connexes"
433085149,MONDELEZ FRANCE BISCUITS PRODUCTION SAS,10.72Z,GE,"Fabrication de biscuits, biscottes et pâtisseries de conservation"
433466570,VIGIE,70.10Z,,Activités des sièges sociaux
433623550,PFIZER,46.46Z,GE,Commerce de gros (commerce interentreprises) de produits pharmaceutiques
433744539,ELECTRO DEPOT FRANCE,47.54Z,GE,Commerce de détail d'appareils électroménagers en magasin spécialisé
433900834,BOUYGUES BATIMENT ILE DE FRANCE,41.20B,GE,Construction d'autres bâtiments
433927332,TRANSGOURMET OPERATIONS,46.39B,ETI,Commerce de gros (commerce interentreprises) alimentaire non spécialisé
433934809,VEOLIA CENTRAL & EASTERN EUROPE,64.30Z,GE,Fonds de placement et entités financières similaires
444346795,NEXITY,70.10Z,GE,Activités des sièges sociaux
444523567,GROUPE DUVAL,68.32A,ETI,Administration d'immeubles et autres biens immobiliers
444608442,ENEDIS,35.13Z,GE,Distribution d'électricité
444619258,RTE RESEAU DE TRANSPORT D ELECTRICITE,35.12Z,GE,Transport d'électricité
444718563,ARCELORMITTAL ATLANTIQUE ET LORRAINE,24.10Z,,Sidérurgie
444786511,GRDF,35.22Z,GE,Distribution de combustibles gazeux par conduites
444816078,ENI SPA,82.99Z,ETI,Autres activités de soutien aux entreprises n.c.a.
445074685,ARKEMA,70.10Z,GE,Activités des sièges sociaux
479973513,REXEL,64.20Z,GE,Activités des sociétés holding
480055680,ATOS INVESTISSEMENT 10,62.02A,GE,Conseil en systèmes et logiciels informatiques
480107911,SAFRAN ELECTRONICS & DEFENSE,26.51A,GE,Fabrication d'équipements d'aide à la navigation
480218544,HERE EUROPE B.V.,63.11Z,GE,"Traitement de données, hébergement et activités connexes"
481043040,EUTELSAT COMMUNICATIONS,70.10Z,ETI,Activités des sièges sociaux
481278240,LENOVO FRANCE SAS,46.51Z,ETI,"Commerce de gros (commerce interentreprises) d'ordinateurs, d'équipements informatiques périphériques et de logiciels"
491807145,WFS GLOBAL HOLDING,70.10Z,ETI,Activités des sièges sociaux
491974861,DERICHEBOURG ENVIRONNEMENT,38.32Z,GE,Récupération de déchets triés
492042338,FINANCIERE SPIE BATIGNOLLES,64.20Z,,Activités des sociétés holding
492133947,GROUPE MOBALI-BANDA,70.22Z,,Conseil pour les affaires et autres conseils de gestion
492203815,VARO ENERGY FRANCE SAS,46.71Z,ETI,Commerce de gros (commerce interentreprises) de combustibles et de produits annexes
492273438,NOVARTEX,64.30Z,PME,Fonds de placement et entités financières similaires
492791306,TRANSAVIA FRANCE,51.10Z,GE,Transports aériens de passagers
492851266,FINANCIERE TRUCK (INVESTISSEMENT),64.20Z,ETI,Activités des sociétés holding
507523801,SNCF GARES & CONNEXIONS,52.21Z,GE,Services auxiliaires des transports terrestres
508311214,PURPLE DEVELOPMENT,70.22Z,PME,Conseil pour les affaires et autres conseils de gestion
521477851,TRANSDEV GROUP,52.21Z,GE,Services auxiliaires des transports terrestres
521913798,SOCIETE VALMY DEFENSE 38 EN ABREGE SVD 38,46.71Z,GE,Commerce de gros (commerce interentreprises) de combustibles et de produits annexes
522493196,KEYRUS MANAGEMENT,70.22Z,ETI,Conseil pour les affaires et autres conseils de gestion
535323174,PROMAN EXPANSION,70.10Z,GE,Activités des sièges sociaux
535420533,CONFRATERNELLE D'EXPLOITATION ET DE REPARTITION PHARMACEUTIQUE RHIN RHONE MEDITERRANEE,46.46Z,ETI,Commerce de gros (commerce interentreprises) de produits pharmaceutiques
535720700,COMPAGNIE INDUSTRIELLE DE DELLE,64.20Z,PME,Activités des sociétés holding
536820269,LISI,70.10Z,ETI,Activités des sièges sociaux
718200611,SOC COOP APPROVISIONNEMENT PARIS NORD,46.17A,ETI,Centrales d'achat alimentaires
722000965,BMW FRANCE,45.11Z,GE,Commerce de voitures et de véhicules automobiles légers
722003936,MCDONALD'S FRANCE,68.20B,GE,Location de terrains et d'autres biens immobiliers
722032778,BASSAC,66.30Z,ETI,Gestion de fonds
722041860,BUT INTERNATIONAL,47.59A,GE,Commerce de détail de meubles
722049459,TRIGANO,70.10Z,GE,Activités des sièges sociaux
722063997,SOC DES ATELIERS LOUIS VUITTON,15.12Z,GE,"Fabrication d'articles de voyage, de maroquinerie et de sellerie"
722065638,TD SYNNEX FRANCE,46.51Z,ETI,"Commerce de gros (commerce interentreprises) d'ordinateurs, d'équipements informatiques périphériques et de logiciels"
729800821,ZODIAC AEROSPACE,70.10Z,,Activités des sièges sociaux
732075312,ACCENTURE,62.02A,GE,Conseil en systèmes et logiciels informatiques
784393530,RUBIS,64.20Z,GE,Activités des sociétés holding
784608416,CREDIT AGRICOLE SA,64.19Z,GE,Autres intermédiations monétaires
784939688,PICARD SURGELES,47.11A,GE,Commerce de détail de produits surgelés
785304031,CLAAS TRACTOR SAS,28.30Z,ETI,Fabrication de machines agricoles et forestières
785386319,BURELLE,66.30Z,ETI,Gestion de fonds
785480351,SUPERMARCHES MATCH,47.11D,GE,Supermarchés
799234430,TOTALENERGIES EP ANGOLA BLOCK 32,09.10Z,GE,Activités de soutien à l'extraction d'hydrocarbures
799292842,CELENA,64.20Z,,Activités des sociétés holding
799318738,SICA SAS AXEREAL,46.21Z,GE,"Commerce de gros (commerce interentreprises) de céréales, de tabac non manufacturé, de semences et d'aliments pour le bétail"
799339312,EULER HERMES,65.12Z,GE,Autres assurances
799403050,AVRIL,70.10Z,GE,Activités des sièges sociaux
799403076,AVRIL GESTION,64.20Z,PME,Activités des sociétés holding
812053403,WFS ACQUISITION SAS,82.99Z,ETI,Autres activités de soutien aux entreprises n.c.a.
812163913,VERALLIA,64.20Z,ETI,Activités des sociétés holding
812375624,IWIP,46.77Z,GE,Commerce de gros (commerce interentreprises) de déchets et débris
821763844,LOCKEED MARTIN GLOBAL INC.,26.40Z,PME,Fabrication de produits électroniques grand public
831763743,CONSTELLIUM SE,66.30Z,GE,Gestion de fonds
832277370,VOLKSWAGEN GROUP FRANCE,45.11Z,GE,Commerce de voitures et de véhicules automobiles légers
832509285,BORDEAUX METROPOLE ENERGIES,70.10Z,ETI,Activités des sièges sociaux
844936781,GROUPE SPIE BATIGNOLLES,64.20Z,GE,Activités des sociétés holding
847120185,SAVENCIA SA,64.20Z,GE,Activités des sociétés holding
879556363,FINANCIERE SENIOR CINQUS,66.30Z,ETI,Gestion de fonds
880005756,TOTALENERGIES - CENTRALE ELECTRIQUE SAINT-AVOLD,35.11Z,GE,Production d'électricité
880039243,BPCE ASSURANCES,64.20Z,GE,Activités des sociétés holding
890897978,TATA SIA AIRLINES LIMITED,51.10Z,ETI,Transports aériens de passagers
891871048,VIVALTO SANTE HOLDING 3,70.10Z,GE,Activités des sièges sociaux
901528869,SOCIETE DE COORDINATION BRENNUS,66.19B,PME,"Autres activités auxiliaires de services financiers, hors assurance et caisses de retraite, n.c.a."
901644989,SUEZ,82.99Z,GE,Autres activités de soutien aux entreprises n.c.a.
901655944,DELPHARM,64.20Z,ETI,Activités des sociétés holding
911748754,TREVISE HOLDINGS 3,64.20Z,GE,Activités des sociétés holding
998823504,ADECCO FRANCE,78.20Z,GE,Activités des agences de travail temporaire
